

Microchip MPLAB XC8 Assembler V3.00 build 20241204225717 
                                                                                               Sun May 11 23:15:15 2025

Microchip MPLAB XC8 C Compiler v3.00 (Free license) build 20241204225717 Og1 
     1                           	processor	16F887
     2                           	pagewidth 120
     3                           	opt	flic
     4                           	psect	idataBANK0,global,class=CODE,space=0,delta=2,noexec
     5                           	psect	cinit,global,class=CODE,space=0,merge=1,delta=2
     6                           	psect	bssCOMMON,global,class=COMMON,space=1,delta=1,noexec
     7                           	psect	bssBANK0,global,class=BANK0,space=1,delta=1,noexec
     8                           	psect	dataBANK0,global,class=BANK0,space=1,delta=1,noexec
     9                           	psect	inittext,global,class=CODE,space=0,delta=2
    10                           	psect	cstackCOMMON,global,class=COMMON,space=1,delta=1,noexec
    11                           	psect	cstackBANK0,global,class=BANK0,space=1,delta=1,noexec
    12                           	psect	maintext,global,class=CODE,space=0,split=1,delta=2
    13                           	psect	text1,local,class=CODE,space=0,merge=1,delta=2
    14                           	psect	text2,local,class=CODE,space=0,merge=1,delta=2
    15                           	psect	text3,local,class=CODE,space=0,merge=1,delta=2
    16                           	psect	intentry,global,class=CODE,space=0,delta=2
    17                           	psect	text4,local,class=CODE,space=0,merge=1,delta=2
    18                           	psect	text5,local,class=CODE,space=0,merge=1,delta=2
    19                           	psect	text6,local,class=CODE,space=0,merge=1,delta=2
    20                           	psect	config,global,abs,ovrld,class=CONFIG,space=4,delta=2,noexec
    21                           	dabs	1,0x7E,2
    22     0000                     
    23                           ; Generated 22/03/2023 GMT
    24                           ; 
    25                           ; Copyright © 2023, Microchip Technology Inc. and its subsidiaries ("Microchip")
    26                           ; All rights reserved.
    27                           ; 
    28                           ; This software is developed by Microchip Technology Inc. and its subsidiaries ("Microch
      +                          ip").
    29                           ; 
    30                           ; Redistribution and use in source and binary forms, with or without modification, are
    31                           ; permitted provided that the following conditions are met:
    32                           ; 
    33                           ;     1. Redistributions of source code must retain the above copyright notice, this lis
      +                          t of
    34                           ;        conditions and the following disclaimer.
    35                           ; 
    36                           ;     2. Redistributions in binary form must reproduce the above copyright notice, this 
      +                          list
    37                           ;        of conditions and the following disclaimer in the documentation and/or other
    38                           ;        materials provided with the distribution. Publication is not required when
    39                           ;        this file is used in an embedded application.
    40                           ; 
    41                           ;     3. Microchip's name may not be used to endorse or promote products derived from th
      +                          is
    42                           ;        software without specific prior written permission.
    43                           ; 
    44                           ; THIS SOFTWARE IS PROVIDED BY MICROCHIP "AS IS" AND ANY EXPRESS OR IMPLIED WARRANTIES,
    45                           ; INCLUDING, BUT NOT LIMITED TO, THE IMPLIED WARRANTIES OF MERCHANTABILITY AND FITNESS F
      +                          OR
    46                           ; PURPOSE ARE DISCLAIMED.  IN NO EVENT SHALL MICROCHIP BE LIABLE FOR ANY DIRECT, INDIREC
      +                          T,
    47                           ; INCIDENTAL, SPECIAL, EXEMPLARY, OR CONSEQUENTIAL DAMAGES (INCLUDING BUT NOT LIMITED TO
    48                           ; PROCUREMENT OF SUBSTITUTE GOODS OR SERVICES; LOSS OF USE, DATA OR PROFITS; OR BUSINESS
    49                           ; INTERRUPTION) HOWSOEVER CAUSED AND ON ANY THEORY OF LIABILITY, WHETHER IN CONTRACT, ST
      +                          RICT
    50                           ; LIABILITY, OR TORT (INCLUDING NEGLIGENCE OR OTHERWISE) ARISING IN ANY WAY OUT OF THE U
      +                          SE OF
    51                           ; THIS SOFTWARE, EVEN IF ADVISED OF THE POSSIBILITY OF SUCH DAMAGE.
    52                           ; 
    53                           ; 
    54                           ; Code-generator required, PIC16F887 Definitions
    55                           ; 
    56                           ; SFR Addresses
    57     0004                     fsr             equ	4
    58     0004                     fsr0            equ	4
    59     0000                     indf            equ	0
    60     0000                     indf0           equ	0
    61     0002                     pc              equ	2
    62     0002                     pcl             equ	2
    63     000A                     pclath          equ	10
    64     0003                     status          equ	3
    65     0000                     INDF            equ	0	;# 
    66     0001                     TMR0            equ	1	;# 
    67     0002                     PCL             equ	2	;# 
    68     0003                     STATUS          equ	3	;# 
    69     0004                     FSR             equ	4	;# 
    70     0005                     PORTA           equ	5	;# 
    71     0006                     PORTB           equ	6	;# 
    72     0007                     PORTC           equ	7	;# 
    73     0008                     PORTD           equ	8	;# 
    74     0009                     PORTE           equ	9	;# 
    75     000A                     PCLATH          equ	10	;# 
    76     000B                     INTCON          equ	11	;# 
    77     000C                     PIR1            equ	12	;# 
    78     000D                     PIR2            equ	13	;# 
    79     000E                     TMR1            equ	14	;# 
    80     000E                     TMR1L           equ	14	;# 
    81     000F                     TMR1H           equ	15	;# 
    82     0010                     T1CON           equ	16	;# 
    83     0011                     TMR2            equ	17	;# 
    84     0012                     T2CON           equ	18	;# 
    85     0013                     SSPBUF          equ	19	;# 
    86     0014                     SSPCON          equ	20	;# 
    87     0015                     CCPR1           equ	21	;# 
    88     0015                     CCPR1L          equ	21	;# 
    89     0016                     CCPR1H          equ	22	;# 
    90     0017                     CCP1CON         equ	23	;# 
    91     0018                     RCSTA           equ	24	;# 
    92     0019                     TXREG           equ	25	;# 
    93     001A                     RCREG           equ	26	;# 
    94     001B                     CCPR2           equ	27	;# 
    95     001B                     CCPR2L          equ	27	;# 
    96     001C                     CCPR2H          equ	28	;# 
    97     001D                     CCP2CON         equ	29	;# 
    98     001E                     ADRESH          equ	30	;# 
    99     001F                     ADCON0          equ	31	;# 
   100     0081                     OPTION_REG      equ	129	;# 
   101     0085                     TRISA           equ	133	;# 
   102     0086                     TRISB           equ	134	;# 
   103     0087                     TRISC           equ	135	;# 
   104     0088                     TRISD           equ	136	;# 
   105     0089                     TRISE           equ	137	;# 
   106     008C                     PIE1            equ	140	;# 
   107     008D                     PIE2            equ	141	;# 
   108     008E                     PCON            equ	142	;# 
   109     008F                     OSCCON          equ	143	;# 
   110     0090                     OSCTUNE         equ	144	;# 
   111     0091                     SSPCON2         equ	145	;# 
   112     0092                     PR2             equ	146	;# 
   113     0093                     SSPADD          equ	147	;# 
   114     0093                     SSPMSK          equ	147	;# 
   115     0093                     MSK             equ	147	;# 
   116     0094                     SSPSTAT         equ	148	;# 
   117     0095                     WPUB            equ	149	;# 
   118     0096                     IOCB            equ	150	;# 
   119     0097                     VRCON           equ	151	;# 
   120     0098                     TXSTA           equ	152	;# 
   121     0099                     SPBRG           equ	153	;# 
   122     009A                     SPBRGH          equ	154	;# 
   123     009B                     PWM1CON         equ	155	;# 
   124     009C                     ECCPAS          equ	156	;# 
   125     009D                     PSTRCON         equ	157	;# 
   126     009E                     ADRESL          equ	158	;# 
   127     009F                     ADCON1          equ	159	;# 
   128     0105                     WDTCON          equ	261	;# 
   129     0107                     CM1CON0         equ	263	;# 
   130     0108                     CM2CON0         equ	264	;# 
   131     0109                     CM2CON1         equ	265	;# 
   132     010C                     EEDATA          equ	268	;# 
   133     010C                     EEDAT           equ	268	;# 
   134     010D                     EEADR           equ	269	;# 
   135     010E                     EEDATH          equ	270	;# 
   136     010F                     EEADRH          equ	271	;# 
   137     0185                     SRCON           equ	389	;# 
   138     0187                     BAUDCTL         equ	391	;# 
   139     0188                     ANSEL           equ	392	;# 
   140     0189                     ANSELH          equ	393	;# 
   141     018C                     EECON1          equ	396	;# 
   142     018D                     EECON2          equ	397	;# 
   143     0000                     INDF            equ	0	;# 
   144     0001                     TMR0            equ	1	;# 
   145     0002                     PCL             equ	2	;# 
   146     0003                     STATUS          equ	3	;# 
   147     0004                     FSR             equ	4	;# 
   148     0005                     PORTA           equ	5	;# 
   149     0006                     PORTB           equ	6	;# 
   150     0007                     PORTC           equ	7	;# 
   151     0008                     PORTD           equ	8	;# 
   152     0009                     PORTE           equ	9	;# 
   153     000A                     PCLATH          equ	10	;# 
   154     000B                     INTCON          equ	11	;# 
   155     000C                     PIR1            equ	12	;# 
   156     000D                     PIR2            equ	13	;# 
   157     000E                     TMR1            equ	14	;# 
   158     000E                     TMR1L           equ	14	;# 
   159     000F                     TMR1H           equ	15	;# 
   160     0010                     T1CON           equ	16	;# 
   161     0011                     TMR2            equ	17	;# 
   162     0012                     T2CON           equ	18	;# 
   163     0013                     SSPBUF          equ	19	;# 
   164     0014                     SSPCON          equ	20	;# 
   165     0015                     CCPR1           equ	21	;# 
   166     0015                     CCPR1L          equ	21	;# 
   167     0016                     CCPR1H          equ	22	;# 
   168     0017                     CCP1CON         equ	23	;# 
   169     0018                     RCSTA           equ	24	;# 
   170     0019                     TXREG           equ	25	;# 
   171     001A                     RCREG           equ	26	;# 
   172     001B                     CCPR2           equ	27	;# 
   173     001B                     CCPR2L          equ	27	;# 
   174     001C                     CCPR2H          equ	28	;# 
   175     001D                     CCP2CON         equ	29	;# 
   176     001E                     ADRESH          equ	30	;# 
   177     001F                     ADCON0          equ	31	;# 
   178     0081                     OPTION_REG      equ	129	;# 
   179     0085                     TRISA           equ	133	;# 
   180     0086                     TRISB           equ	134	;# 
   181     0087                     TRISC           equ	135	;# 
   182     0088                     TRISD           equ	136	;# 
   183     0089                     TRISE           equ	137	;# 
   184     008C                     PIE1            equ	140	;# 
   185     008D                     PIE2            equ	141	;# 
   186     008E                     PCON            equ	142	;# 
   187     008F                     OSCCON          equ	143	;# 
   188     0090                     OSCTUNE         equ	144	;# 
   189     0091                     SSPCON2         equ	145	;# 
   190     0092                     PR2             equ	146	;# 
   191     0093                     SSPADD          equ	147	;# 
   192     0093                     SSPMSK          equ	147	;# 
   193     0093                     MSK             equ	147	;# 
   194     0094                     SSPSTAT         equ	148	;# 
   195     0095                     WPUB            equ	149	;# 
   196     0096                     IOCB            equ	150	;# 
   197     0097                     VRCON           equ	151	;# 
   198     0098                     TXSTA           equ	152	;# 
   199     0099                     SPBRG           equ	153	;# 
   200     009A                     SPBRGH          equ	154	;# 
   201     009B                     PWM1CON         equ	155	;# 
   202     009C                     ECCPAS          equ	156	;# 
   203     009D                     PSTRCON         equ	157	;# 
   204     009E                     ADRESL          equ	158	;# 
   205     009F                     ADCON1          equ	159	;# 
   206     0105                     WDTCON          equ	261	;# 
   207     0107                     CM1CON0         equ	263	;# 
   208     0108                     CM2CON0         equ	264	;# 
   209     0109                     CM2CON1         equ	265	;# 
   210     010C                     EEDATA          equ	268	;# 
   211     010C                     EEDAT           equ	268	;# 
   212     010D                     EEADR           equ	269	;# 
   213     010E                     EEDATH          equ	270	;# 
   214     010F                     EEADRH          equ	271	;# 
   215     0185                     SRCON           equ	389	;# 
   216     0187                     BAUDCTL         equ	391	;# 
   217     0188                     ANSEL           equ	392	;# 
   218     0189                     ANSELH          equ	393	;# 
   219     018C                     EECON1          equ	396	;# 
   220     018D                     EECON2          equ	397	;# 
   221                           
   222                           	psect	idataBANK0
   223     0489                     __pidataBANK0:
   224                           
   225                           ;initializer for Visualizza@F1429
   226     0489  343F               	retlw	63
   227     048A  3400               	retlw	0
   228     048B  3471               	retlw	113
   229     048C  3400               	retlw	0
   230     048D  3479               	retlw	121
   231     048E  3400               	retlw	0
   232     048F  3454               	retlw	84
   233     0490  3400               	retlw	0
   234     0491  3458               	retlw	88
   235     0492  3400               	retlw	0
   236     000B                     _INTCONbits     set	11
   237     000B                     _INTCON         set	11
   238     0008                     _PORTD          set	8
   239     0006                     _PORTB          set	6
   240     0005                     _PORTA          set	5
   241     0007                     _PORTC          set	7
   242     0036                     _RB6            set	54
   243     0046                     _RD6            set	70
   244     0045                     _RD5            set	69
   245     0034                     _RB4            set	52
   246     0035                     _RB5            set	53
   247     0031                     _RB1            set	49
   248     0032                     _RB2            set	50
   249     0033                     _RB3            set	51
   250     0030                     _RB0            set	48
   251     0047                     _RD7            set	71
   252     0043                     _RD3            set	67
   253     0042                     _RD2            set	66
   254     0044                     _RD4            set	68
   255     0081                     _OPTION_REG     set	129
   256     0088                     _TRISD          set	136
   257     0087                     _TRISC          set	135
   258     0086                     _TRISB          set	134
   259     0085                     _TRISA          set	133
   260     008F                     _OSCCON         set	143
   261     0189                     _ANSELH         set	393
   262     0188                     _ANSEL          set	392
   263                           
   264                           	psect	cinit
   265     07EA                     start_initialization:	
   266                           ; #config settings
   267                           
   268     07EA                     __initialization:
   269                           
   270                           ; Initialize objects allocated to BANK0
   271     07EA  1383               	bcf	3,7	;select IRP bank0
   272     07EB  304A               	movlw	low (__pdataBANK0+10)
   273     07EC  00FD               	movwf	btemp+-1
   274     07ED  3004               	movlw	high __pidataBANK0
   275     07EE  00FE               	movwf	btemp
   276     07EF  3089               	movlw	low __pidataBANK0
   277     07F0  00FF               	movwf	btemp+1
   278     07F1  3040               	movlw	low __pdataBANK0
   279     07F2  0084               	movwf	4
   280     07F3  120A  118A  2497  120A  118A  	fcall	init_ram0
   281                           
   282                           ; Clear objects allocated to BANK0
   283     07F8  01CA               	clrf	__pbssBANK0& (0+127)
   284     07F9  01CB               	clrf	(__pbssBANK0+1)& (0+127)
   285                           
   286                           ; Clear objects allocated to COMMON
   287     07FA  01FC               	clrf	__pbssCOMMON& (0+127)
   288     07FB  01FD               	clrf	(__pbssCOMMON+1)& (0+127)
   289     07FC                     end_of_initialization:	
   290                           ;End of C runtime variable initialization code
   291                           
   292     07FC                     __end_of__initialization:
   293     07FC  0183               	clrf	3
   294     07FD  120A  118A  2E42   	ljmp	_main	;jump to C main() function
   295                           
   296                           	psect	bssCOMMON
   297     007C                     __pbssCOMMON:
   298     007C                     _stato:
   299     007C                     	ds	2
   300                           
   301                           	psect	bssBANK0
   302     004A                     __pbssBANK0:
   303     004A                     _stop:
   304     004A                     	ds	2
   305                           
   306                           	psect	dataBANK0
   307     0040                     __pdataBANK0:
   308     0040                     Visualizza@F1429:
   309     0040                     	ds	10
   310                           
   311                           	psect	inittext
   312     0493                     init_fetch0:	
   313                           ;	Called with low address in FSR and high address in W
   314                           
   315     0493  087E               	movf	btemp,w
   316     0494  008A               	movwf	10
   317     0495  087F               	movf	btemp+1,w
   318     0496  0082               	movwf	2
   319     0497                     init_ram0:	
   320                           ;Called with:
   321                           ;	high address of idata address in btemp 
   322                           ;	low address of idata address in btemp+1 
   323                           ;	low address of data in FSR
   324                           ;	high address + 1 of data in btemp-1
   325                           
   326     0497  120A  118A  2493  120A  118A  	fcall	init_fetch0
   327     049C  0080               	movwf	0
   328     049D  0A84               	incf	4,f
   329     049E  0804               	movf	4,w
   330     049F  067D               	xorwf	btemp+-1,w
   331     04A0  1903               	btfsc	3,2
   332     04A1  3400               	retlw	0
   333     04A2  0AFF               	incf	btemp+1,f
   334     04A3  1903               	btfsc	3,2
   335     04A4  0AFE               	incf	btemp,f
   336     04A5  2C97               	goto	init_ram0
   337                           
   338                           	psect	cstackCOMMON
   339     0071                     __pcstackCOMMON:
   340     0071                     ?_Stop:
   341     0071                     ?_main:	
   342                           ; 1 bytes @ 0x0
   343                           
   344     0071                     ?_ISR:	
   345                           ; 1 bytes @ 0x0
   346                           
   347     0071                     ?i1_Irrigazione:	
   348                           ; 1 bytes @ 0x0
   349                           
   350     0071                     ?i1_Visualizza:	
   351                           ; 1 bytes @ 0x0
   352                           
   353     0071                     i1Irrigazione@power:	
   354                           ; 1 bytes @ 0x0
   355                           
   356     0071                     i1Visualizza@display:	
   357                           ; 2 bytes @ 0x0
   358                           
   359                           
   360                           ; 2 bytes @ 0x0
   361     0071                     	ds	2
   362     0073                     i1Irrigazione@direzione:
   363     0073                     ??i1_Visualizza:	
   364                           ; 2 bytes @ 0x2
   365                           
   366                           
   367                           ; 1 bytes @ 0x2
   368     0073                     	ds	2
   369     0075                     i1Irrigazione@velocita:
   370                           
   371                           ; 2 bytes @ 0x4
   372     0075                     	ds	2
   373     0077                     i1Irrigazione@irrigazione:
   374                           
   375                           ; 2 bytes @ 0x6
   376     0077                     	ds	2
   377     0079                     ??_Stop:
   378     0079                     ??i1_Irrigazione:	
   379                           ; 1 bytes @ 0x8
   380                           
   381                           
   382                           ; 1 bytes @ 0x8
   383     0079                     	ds	3
   384                           
   385                           	psect	cstackBANK0
   386     0020                     __pcstackBANK0:
   387     0020                     i1Visualizza@lettera:
   388                           
   389                           ; 10 bytes @ 0x0
   390     0020                     	ds	10
   391     002A                     ??_ISR:
   392                           
   393                           ; 1 bytes @ 0xA
   394     002A                     	ds	3
   395     002D                     ?_Irrigazione:
   396     002D                     ?_Visualizza:	
   397                           ; 1 bytes @ 0xD
   398                           
   399     002D                     Irrigazione@power:	
   400                           ; 1 bytes @ 0xD
   401                           
   402     002D                     Visualizza@display:	
   403                           ; 2 bytes @ 0xD
   404                           
   405                           
   406                           ; 2 bytes @ 0xD
   407     002D                     	ds	2
   408     002F                     Irrigazione@direzione:
   409     002F                     ??_Visualizza:	
   410                           ; 2 bytes @ 0xF
   411                           
   412                           
   413                           ; 1 bytes @ 0xF
   414     002F                     	ds	2
   415     0031                     Irrigazione@velocita:
   416                           
   417                           ; 2 bytes @ 0x11
   418     0031                     	ds	2
   419     0033                     Irrigazione@irrigazione:
   420     0033                     Visualizza@lettera:	
   421                           ; 2 bytes @ 0x13
   422                           
   423                           
   424                           ; 10 bytes @ 0x13
   425     0033                     	ds	2
   426     0035                     ??_Irrigazione:
   427                           
   428                           ; 1 bytes @ 0x15
   429     0035                     	ds	8
   430     003D                     ??_main:
   431                           
   432                           ; 1 bytes @ 0x1D
   433     003D                     	ds	3
   434                           
   435                           	psect	maintext
   436     0642                     __pmaintext:	
   437 ;;
   438 ;;Main: autosize = 0, tempsize = 3, incstack = 0, save=0
   439 ;;
   440 ;; *************** function _main *****************
   441 ;; Defined at:
   442 ;;		line 148 in file "main.c"
   443 ;; Parameters:    Size  Location     Type
   444 ;;		None
   445 ;; Auto vars:     Size  Location     Type
   446 ;;		None
   447 ;; Return value:  Size  Location     Type
   448 ;;                  1    wreg      void 
   449 ;; Registers used:
   450 ;;		wreg, fsr0l, fsr0h, status,2, status,0, pclath, cstack
   451 ;; Tracked objects:
   452 ;;		On entry : B00/0
   453 ;;		On exit  : 0/0
   454 ;;		Unchanged: 0/0
   455 ;; Data sizes:     COMMON   BANK0   BANK1   BANK3   BANK2
   456 ;;      Params:         0       0       0       0       0
   457 ;;      Locals:         0       0       0       0       0
   458 ;;      Temps:          0       3       0       0       0
   459 ;;      Totals:         0       3       0       0       0
   460 ;;Total ram usage:        3 bytes
   461 ;; Hardware stack levels required when called: 4
   462 ;; This function calls:
   463 ;;		_Irrigazione
   464 ;;		_Visualizza
   465 ;; This function is called by:
   466 ;;		Startup code after reset
   467 ;; This function uses a non-reentrant model
   468 ;;
   469                           
   470     0642                     _main:	
   471                           ;psect for function _main
   472                           
   473     0642                     l1103:	
   474                           ;incstack = 0
   475                           ; Regs used in _main: [wreg-fsr0h+status,2+status,0+pclath+cstack]
   476                           
   477                           
   478                           ;main.c: 150:     OSCCON |=0x60;
   479     0642  3060               	movlw	96
   480     0643  1683               	bsf	3,5	;RP0=1, select bank1
   481     0644  1303               	bcf	3,6	;RP1=0, select bank1
   482     0645  048F               	iorwf	15,f	;volatile
   483     0646                     l1105:
   484                           
   485                           ;main.c: 151:     PORTA = 0x00;
   486     0646  1283               	bcf	3,5	;RP0=0, select bank0
   487     0647  1303               	bcf	3,6	;RP1=0, select bank0
   488     0648  0185               	clrf	5	;volatile
   489     0649                     l1107:
   490                           
   491                           ;main.c: 152:     PORTB = 0x00;
   492     0649  0186               	clrf	6	;volatile
   493     064A                     l1109:
   494                           
   495                           ;main.c: 153:     PORTC = 0x00;
   496     064A  0187               	clrf	7	;volatile
   497     064B                     l1111:
   498                           
   499                           ;main.c: 154:     PORTD = 0x00;
   500     064B  0188               	clrf	8	;volatile
   501     064C                     l1113:
   502                           
   503                           ;main.c: 157:     TRISA = 0b00000000;
   504     064C  1683               	bsf	3,5	;RP0=1, select bank1
   505     064D  1303               	bcf	3,6	;RP1=0, select bank1
   506     064E  0185               	clrf	5	;volatile
   507     064F                     l1115:
   508                           
   509                           ;main.c: 158:     TRISB = 0b11111111;
   510     064F  30FF               	movlw	255
   511     0650  0086               	movwf	6	;volatile
   512     0651                     l1117:
   513                           
   514                           ;main.c: 159:     TRISC = 0b00000000;
   515     0651  0187               	clrf	7	;volatile
   516     0652                     l1119:
   517                           
   518                           ;main.c: 160:     TRISD = 0b00000000;
   519     0652  0188               	clrf	8	;volatile
   520     0653                     l1121:
   521                           
   522                           ;main.c: 162:     INTCON = 0b10010000;
   523     0653  3090               	movlw	144
   524     0654  008B               	movwf	11	;volatile
   525     0655                     l1123:
   526                           
   527                           ;main.c: 164:     ANSEL = 0x00;
   528     0655  1683               	bsf	3,5	;RP0=1, select bank3
   529     0656  1703               	bsf	3,6	;RP1=1, select bank3
   530     0657  0188               	clrf	8	;volatile
   531     0658                     l1125:
   532                           
   533                           ;main.c: 165:     ANSELH = 0x00;
   534     0658  0189               	clrf	9	;volatile
   535     0659                     l1127:
   536                           
   537                           ;main.c: 167:     OPTION_REG = 0b00000011;
   538     0659  3003               	movlw	3
   539     065A  1683               	bsf	3,5	;RP0=1, select bank1
   540     065B  1303               	bcf	3,6	;RP1=0, select bank1
   541     065C  0081               	movwf	1	;volatile
   542     065D                     l1129:
   543                           
   544                           ;main.c: 172:     Visualizza(4);
   545     065D  3004               	movlw	4
   546     065E  1283               	bcf	3,5	;RP0=0, select bank0
   547     065F  1303               	bcf	3,6	;RP1=0, select bank0
   548     0660  00AD               	movwf	Visualizza@display
   549     0661  3000               	movlw	0
   550     0662  00AE               	movwf	Visualizza@display+1
   551     0663  120A  118A  2592  120A  118A  	fcall	_Visualizza
   552     0668                     l1131:
   553                           
   554                           ;main.c: 173:     Irrigazione(0, 0, 0, 0);
   555     0668  3000               	movlw	0
   556     0669  1283               	bcf	3,5	;RP0=0, select bank0
   557     066A  1303               	bcf	3,6	;RP1=0, select bank0
   558     066B  00AD               	movwf	Irrigazione@power
   559     066C  00AE               	movwf	Irrigazione@power+1
   560     066D  3000               	movlw	0
   561     066E  00AF               	movwf	Irrigazione@direzione
   562     066F  00B0               	movwf	Irrigazione@direzione+1
   563     0670  3000               	movlw	0
   564     0671  00B1               	movwf	Irrigazione@velocita
   565     0672  00B2               	movwf	Irrigazione@velocita+1
   566     0673  3000               	movlw	0
   567     0674  00B3               	movwf	Irrigazione@irrigazione
   568     0675  00B4               	movwf	Irrigazione@irrigazione+1
   569     0676  120A  118A  24BF  120A  118A  	fcall	_Irrigazione
   570     067B                     l1133:
   571                           
   572                           ;main.c: 174:     stop =0;
   573     067B  1283               	bcf	3,5	;RP0=0, select bank0
   574     067C  1303               	bcf	3,6	;RP1=0, select bank0
   575     067D  01CA               	clrf	_stop
   576     067E  01CB               	clrf	_stop+1
   577     067F                     l1135:
   578                           
   579                           ;main.c: 177:     {;main.c: 178:          if (RB3 == 0 && RB2 == 0)
   580     067F  1283               	bcf	3,5	;RP0=0, select bank0
   581     0680  1303               	bcf	3,6	;RP1=0, select bank0
   582     0681  1986               	btfsc	6,3	;volatile
   583     0682  2E84               	goto	u761
   584     0683  2E85               	goto	u760
   585     0684                     u761:
   586     0684  2FB8               	goto	l1207
   587     0685                     u760:
   588     0685                     l1137:
   589     0685  1906               	btfsc	6,2	;volatile
   590     0686  2E88               	goto	u771
   591     0687  2E89               	goto	u770
   592     0688                     u771:
   593     0688  2FB8               	goto	l1207
   594     0689                     u770:
   595     0689                     l1139:
   596                           
   597                           ;main.c: 179:         {;main.c: 180:             Visualizza(2);
   598     0689  3002               	movlw	2
   599     068A  00AD               	movwf	Visualizza@display
   600     068B  3000               	movlw	0
   601     068C  00AE               	movwf	Visualizza@display+1
   602     068D  120A  118A  2592  120A  118A  	fcall	_Visualizza
   603     0692                     l1141:
   604                           
   605                           ;main.c: 181:             Irrigazione(0, 0, 0, 0);
   606     0692  3000               	movlw	0
   607     0693  1283               	bcf	3,5	;RP0=0, select bank0
   608     0694  1303               	bcf	3,6	;RP1=0, select bank0
   609     0695  00AD               	movwf	Irrigazione@power
   610     0696  00AE               	movwf	Irrigazione@power+1
   611     0697  3000               	movlw	0
   612     0698  00AF               	movwf	Irrigazione@direzione
   613     0699  00B0               	movwf	Irrigazione@direzione+1
   614     069A  3000               	movlw	0
   615     069B  00B1               	movwf	Irrigazione@velocita
   616     069C  00B2               	movwf	Irrigazione@velocita+1
   617     069D  3000               	movlw	0
   618     069E  00B3               	movwf	Irrigazione@irrigazione
   619     069F  00B4               	movwf	Irrigazione@irrigazione+1
   620     06A0  120A  118A  24BF  120A  118A  	fcall	_Irrigazione
   621     06A5                     l1143:
   622                           
   623                           ;main.c: 182:             stato=0;
   624     06A5  01FC               	clrf	_stato
   625     06A6  01FD               	clrf	_stato+1
   626     06A7  2FB8               	goto	l1207
   627     06A8                     l1145:
   628                           
   629                           ;main.c: 188:                 if(stop==1)Visualizza(1);
   630     06A8  1283               	bcf	3,5	;RP0=0, select bank0
   631     06A9  1303               	bcf	3,6	;RP1=0, select bank0
   632     06AA  034A               	decf	_stop,w
   633     06AB  044B               	iorwf	_stop+1,w
   634     06AC  1D03               	btfss	3,2
   635     06AD  2EAF               	goto	u781
   636     06AE  2EB0               	goto	u780
   637     06AF                     u781:
   638     06AF  2EB9               	goto	l98
   639     06B0                     u780:
   640     06B0                     l1147:
   641     06B0  3001               	movlw	1
   642     06B1  00AD               	movwf	Visualizza@display
   643     06B2  3000               	movlw	0
   644     06B3  00AE               	movwf	Visualizza@display+1
   645     06B4  120A  118A  2592  120A  118A  	fcall	_Visualizza
   646     06B9                     l98:
   647                           
   648                           ;main.c: 189:                 Visualizza(4);
   649     06B9  3004               	movlw	4
   650     06BA  1283               	bcf	3,5	;RP0=0, select bank0
   651     06BB  1303               	bcf	3,6	;RP1=0, select bank0
   652     06BC  00AD               	movwf	Visualizza@display
   653     06BD  3000               	movlw	0
   654     06BE  00AE               	movwf	Visualizza@display+1
   655     06BF  120A  118A  2592  120A  118A  	fcall	_Visualizza
   656     06C4                     l1149:
   657                           
   658                           ;main.c: 190:                 if(RB1 == 0)
   659     06C4  1283               	bcf	3,5	;RP0=0, select bank0
   660     06C5  1303               	bcf	3,6	;RP1=0, select bank0
   661     06C6  1886               	btfsc	6,1	;volatile
   662     06C7  2EC9               	goto	u791
   663     06C8  2ECA               	goto	u790
   664     06C9                     u791:
   665     06C9  2ED8               	goto	l1157
   666     06CA                     u790:
   667     06CA                     l1151:
   668                           
   669                           ;main.c: 191:                 {;main.c: 192:                     stop=0;
   670     06CA  01CA               	clrf	_stop
   671     06CB  01CB               	clrf	_stop+1
   672     06CC                     l1153:
   673                           
   674                           ;main.c: 193:                     Visualizza(0);
   675     06CC  3000               	movlw	0
   676     06CD  00AD               	movwf	Visualizza@display
   677     06CE  00AE               	movwf	Visualizza@display+1
   678     06CF  120A  118A  2592  120A  118A  	fcall	_Visualizza
   679     06D4                     l1155:
   680                           
   681                           ;main.c: 194:                     stato=1;
   682     06D4  3001               	movlw	1
   683     06D5  00FC               	movwf	_stato
   684     06D6  3000               	movlw	0
   685     06D7  00FD               	movwf	_stato+1
   686     06D8                     l1157:
   687                           
   688                           ;main.c: 197:                 if (RB5 ==1)
   689     06D8  2E7F               	goto	l1135
   690     06D9                     l102:	
   691                           ;main.c: 203:             case 1:
   692                           
   693                           
   694                           ;main.c: 204:                 if(RB3==1)
   695     06D9  1283               	bcf	3,5	;RP0=0, select bank0
   696     06DA  1303               	bcf	3,6	;RP1=0, select bank0
   697     06DB  1D86               	btfss	6,3	;volatile
   698     06DC  2EDE               	goto	u801
   699     06DD  2EDF               	goto	u800
   700     06DE                     u801:
   701     06DE  2EF7               	goto	l103
   702     06DF                     u800:
   703     06DF                     l1159:
   704                           
   705                           ;main.c: 205:                 {;main.c: 206:                     Irrigazione(1, 0, 1, 0)
      +                          ;
   706     06DF  3001               	movlw	1
   707     06E0  00AD               	movwf	Irrigazione@power
   708     06E1  3000               	movlw	0
   709     06E2  00AE               	movwf	Irrigazione@power+1
   710     06E3  3000               	movlw	0
   711     06E4  00AF               	movwf	Irrigazione@direzione
   712     06E5  00B0               	movwf	Irrigazione@direzione+1
   713     06E6  3001               	movlw	1
   714     06E7  00B1               	movwf	Irrigazione@velocita
   715     06E8  3000               	movlw	0
   716     06E9  00B2               	movwf	Irrigazione@velocita+1
   717     06EA  3000               	movlw	0
   718     06EB  00B3               	movwf	Irrigazione@irrigazione
   719     06EC  00B4               	movwf	Irrigazione@irrigazione+1
   720     06ED  120A  118A  24BF  120A  118A  	fcall	_Irrigazione
   721     06F2                     l1161:
   722                           
   723                           ;main.c: 207:                     stato=2;
   724     06F2  3002               	movlw	2
   725     06F3  00FC               	movwf	_stato
   726     06F4  3000               	movlw	0
   727     06F5  00FD               	movwf	_stato+1
   728                           
   729                           ;main.c: 208:                 }
   730     06F6  2E7F               	goto	l1135
   731     06F7                     l103:	
   732                           ;main.c: 209:                 else if(RB3==0)stato=3;
   733                           
   734     06F7  1986               	btfsc	6,3	;volatile
   735     06F8  2EFA               	goto	u811
   736     06F9  2EFB               	goto	u810
   737     06FA                     u811:
   738     06FA  2FE6               	goto	l101
   739     06FB                     u810:
   740     06FB                     l1163:
   741     06FB  3003               	movlw	3
   742     06FC  00FC               	movwf	_stato
   743     06FD  3000               	movlw	0
   744     06FE  00FD               	movwf	_stato+1
   745     06FF  2E7F               	goto	l1135
   746     0700                     l106:	
   747                           ;main.c: 212:             case 2:
   748                           
   749                           
   750                           ;main.c: 213:                 if(RB3==0)stato=3;
   751     0700  1283               	bcf	3,5	;RP0=0, select bank0
   752     0701  1303               	bcf	3,6	;RP1=0, select bank0
   753     0702  1986               	btfsc	6,3	;volatile
   754     0703  2F05               	goto	u821
   755     0704  2F06               	goto	u820
   756     0705                     u821:
   757     0705  2E7F               	goto	l1135
   758     0706                     u820:
   759     0706  2EFB               	goto	l1163
   760     0707                     l1167:
   761                           
   762                           ;main.c: 217:                 Irrigazione(1, 1, 0, 1);
   763     0707  3001               	movlw	1
   764     0708  1283               	bcf	3,5	;RP0=0, select bank0
   765     0709  1303               	bcf	3,6	;RP1=0, select bank0
   766     070A  00AD               	movwf	Irrigazione@power
   767     070B  3000               	movlw	0
   768     070C  00AE               	movwf	Irrigazione@power+1
   769     070D  3001               	movlw	1
   770     070E  00AF               	movwf	Irrigazione@direzione
   771     070F  3000               	movlw	0
   772     0710  00B0               	movwf	Irrigazione@direzione+1
   773     0711  3000               	movlw	0
   774     0712  00B1               	movwf	Irrigazione@velocita
   775     0713  00B2               	movwf	Irrigazione@velocita+1
   776     0714  3001               	movlw	1
   777     0715  00B3               	movwf	Irrigazione@irrigazione
   778     0716  3000               	movlw	0
   779     0717  00B4               	movwf	Irrigazione@irrigazione+1
   780     0718  120A  118A  24BF  120A  118A  	fcall	_Irrigazione
   781     071D                     l1169:
   782                           
   783                           ;main.c: 218:                 stato=4;
   784     071D  3004               	movlw	4
   785     071E  00FC               	movwf	_stato
   786     071F  3000               	movlw	0
   787     0720  00FD               	movwf	_stato+1
   788                           
   789                           ;main.c: 219:                 break;
   790     0721  2E7F               	goto	l1135
   791     0722                     l109:	
   792                           ;main.c: 221:             case 4:
   793                           
   794                           
   795                           ;main.c: 222:                 if (RB2==0) stato=5;
   796     0722  1283               	bcf	3,5	;RP0=0, select bank0
   797     0723  1303               	bcf	3,6	;RP1=0, select bank0
   798     0724  1906               	btfsc	6,2	;volatile
   799     0725  2F27               	goto	u831
   800     0726  2F28               	goto	u830
   801     0727                     u831:
   802     0727  2E7F               	goto	l1135
   803     0728                     u830:
   804     0728                     l1171:
   805     0728  3005               	movlw	5
   806     0729  00FC               	movwf	_stato
   807     072A  3000               	movlw	0
   808     072B  00FD               	movwf	_stato+1
   809     072C  2E7F               	goto	l1135
   810     072D                     l111:	
   811                           ;main.c: 225:             case 5:
   812                           
   813                           
   814                           ;main.c: 226:                 if (RB4==0)
   815     072D  1283               	bcf	3,5	;RP0=0, select bank0
   816     072E  1303               	bcf	3,6	;RP1=0, select bank0
   817     072F  1A06               	btfsc	6,4	;volatile
   818     0730  2F32               	goto	u841
   819     0731  2F33               	goto	u840
   820     0732                     u841:
   821     0732  2F4B               	goto	l112
   822     0733                     u840:
   823     0733                     l1173:
   824                           
   825                           ;main.c: 227:                 {;main.c: 228:                     Irrigazione(1, 0, 1, 0)
      +                          ;
   826     0733  3001               	movlw	1
   827     0734  00AD               	movwf	Irrigazione@power
   828     0735  3000               	movlw	0
   829     0736  00AE               	movwf	Irrigazione@power+1
   830     0737  3000               	movlw	0
   831     0738  00AF               	movwf	Irrigazione@direzione
   832     0739  00B0               	movwf	Irrigazione@direzione+1
   833     073A  3001               	movlw	1
   834     073B  00B1               	movwf	Irrigazione@velocita
   835     073C  3000               	movlw	0
   836     073D  00B2               	movwf	Irrigazione@velocita+1
   837     073E  3000               	movlw	0
   838     073F  00B3               	movwf	Irrigazione@irrigazione
   839     0740  00B4               	movwf	Irrigazione@irrigazione+1
   840     0741  120A  118A  24BF  120A  118A  	fcall	_Irrigazione
   841     0746                     l1175:
   842                           
   843                           ;main.c: 229:                     stato=6;
   844     0746  3006               	movlw	6
   845     0747  00FC               	movwf	_stato
   846     0748  3000               	movlw	0
   847     0749  00FD               	movwf	_stato+1
   848                           
   849                           ;main.c: 230:                 }
   850     074A  2E7F               	goto	l1135
   851     074B                     l112:	
   852                           ;main.c: 231:                 else if (RB4==1)
   853                           
   854     074B  1E06               	btfss	6,4	;volatile
   855     074C  2F4E               	goto	u851
   856     074D  2F4F               	goto	u850
   857     074E                     u851:
   858     074E  2FE6               	goto	l101
   859     074F                     u850:
   860     074F                     l1177:
   861                           
   862                           ;main.c: 232:                 {;main.c: 233:                     Irrigazione(1,0, 0, 1);
   863     074F  3001               	movlw	1
   864     0750  00AD               	movwf	Irrigazione@power
   865     0751  3000               	movlw	0
   866     0752  00AE               	movwf	Irrigazione@power+1
   867     0753  3000               	movlw	0
   868     0754  00AF               	movwf	Irrigazione@direzione
   869     0755  00B0               	movwf	Irrigazione@direzione+1
   870     0756  3000               	movlw	0
   871     0757  00B1               	movwf	Irrigazione@velocita
   872     0758  00B2               	movwf	Irrigazione@velocita+1
   873     0759  3001               	movlw	1
   874     075A  00B3               	movwf	Irrigazione@irrigazione
   875     075B  3000               	movlw	0
   876     075C  00B4               	movwf	Irrigazione@irrigazione+1
   877     075D  120A  118A  24BF  120A  118A  	fcall	_Irrigazione
   878     0762                     l1179:
   879                           
   880                           ;main.c: 234:                     stato=7;
   881     0762  3007               	movlw	7
   882     0763  00FC               	movwf	_stato
   883     0764  3000               	movlw	0
   884     0765  00FD               	movwf	_stato+1
   885     0766  2E7F               	goto	l1135
   886     0767                     l115:	
   887                           ;main.c: 238:             case 6:
   888                           
   889                           
   890                           ;main.c: 239:                 if (RB3==0)
   891     0767  1283               	bcf	3,5	;RP0=0, select bank0
   892     0768  1303               	bcf	3,6	;RP1=0, select bank0
   893     0769  1986               	btfsc	6,3	;volatile
   894     076A  2F6C               	goto	u861
   895     076B  2F6D               	goto	u860
   896     076C                     u861:
   897     076C  2E7F               	goto	l1135
   898     076D                     u860:
   899     076D                     l1181:
   900                           
   901                           ;main.c: 240:                 {;main.c: 241:                     Irrigazione(0,0, 0, 0);
   902     076D  3000               	movlw	0
   903     076E  00AD               	movwf	Irrigazione@power
   904     076F  00AE               	movwf	Irrigazione@power+1
   905     0770  3000               	movlw	0
   906     0771  00AF               	movwf	Irrigazione@direzione
   907     0772  00B0               	movwf	Irrigazione@direzione+1
   908     0773  3000               	movlw	0
   909     0774  00B1               	movwf	Irrigazione@velocita
   910     0775  00B2               	movwf	Irrigazione@velocita+1
   911     0776  3000               	movlw	0
   912     0777  00B3               	movwf	Irrigazione@irrigazione
   913     0778  00B4               	movwf	Irrigazione@irrigazione+1
   914     0779  120A  118A  24BF  120A  118A  	fcall	_Irrigazione
   915     077E                     l1183:
   916                           
   917                           ;main.c: 242:                     stato=8;
   918     077E  3008               	movlw	8
   919     077F  00FC               	movwf	_stato
   920     0780  3000               	movlw	0
   921     0781  00FD               	movwf	_stato+1
   922     0782  2E7F               	goto	l1135
   923     0783                     l117:	
   924                           ;main.c: 246:             case 7:
   925                           
   926                           
   927                           ;main.c: 247:                 if (RB3==0)
   928     0783  1283               	bcf	3,5	;RP0=0, select bank0
   929     0784  1303               	bcf	3,6	;RP1=0, select bank0
   930     0785  1986               	btfsc	6,3	;volatile
   931     0786  2F88               	goto	u871
   932     0787  2F89               	goto	u870
   933     0788                     u871:
   934     0788  2E7F               	goto	l1135
   935     0789                     u870:
   936     0789  2F6D               	goto	l1181
   937     078A                     l1189:
   938                           
   939                           ;main.c: 255:                 stato=0;
   940     078A  01FC               	clrf	_stato
   941     078B  01FD               	clrf	_stato+1
   942                           
   943                           ;main.c: 256:                 break;
   944     078C  2E7F               	goto	l1135
   945     078D                     l120:	
   946                           ;main.c: 258:             case 10:
   947                           
   948                           
   949                           ;main.c: 259:                 RD5 = 1;
   950     078D  1283               	bcf	3,5	;RP0=0, select bank0
   951     078E  1303               	bcf	3,6	;RP1=0, select bank0
   952     078F  1688               	bsf	8,5	;volatile
   953     0790                     l1191:
   954                           
   955                           ;main.c: 260:                 stato=20;
   956     0790  3014               	movlw	20
   957     0791  00FC               	movwf	_stato
   958     0792  3000               	movlw	0
   959     0793  00FD               	movwf	_stato+1
   960                           
   961                           ;main.c: 261:                 break;
   962     0794  2E7F               	goto	l1135
   963     0795                     l1193:
   964                           
   965                           ;main.c: 264:                 _delay((unsigned long)((3000)*(4000000/4000.0)));
   966     0795  3010               	movlw	16
   967     0796  1283               	bcf	3,5	;RP0=0, select bank0
   968     0797  1303               	bcf	3,6	;RP1=0, select bank0
   969     0798  00BF               	movwf	??_main+2
   970     0799  3039               	movlw	57
   971     079A  00BE               	movwf	??_main+1
   972     079B  300D               	movlw	13
   973     079C  00BD               	movwf	??_main
   974     079D                     u917:
   975     079D  0BBD               	decfsz	??_main,f
   976     079E  2F9D               	goto	u917
   977     079F  0BBE               	decfsz	??_main+1,f
   978     07A0  2F9D               	goto	u917
   979     07A1  0BBF               	decfsz	??_main+2,f
   980     07A2  2F9D               	goto	u917
   981     07A3                     l1195:
   982                           
   983                           ;main.c: 265:                 RD6 = 1;
   984     07A3  1283               	bcf	3,5	;RP0=0, select bank0
   985     07A4  1303               	bcf	3,6	;RP1=0, select bank0
   986     07A5  1708               	bsf	8,6	;volatile
   987     07A6                     l1197:
   988                           
   989                           ;main.c: 266:                 if (RB6 == 1)
   990     07A6  1F06               	btfss	6,6	;volatile
   991     07A7  2FA9               	goto	u881
   992     07A8  2FAA               	goto	u880
   993     07A9                     u881:
   994     07A9  2E7F               	goto	l1135
   995     07AA                     u880:
   996     07AA                     l1199:
   997                           
   998                           ;main.c: 267:                 {;main.c: 268:                     stato=30;
   999     07AA  301E               	movlw	30
  1000     07AB  00FC               	movwf	_stato
  1001     07AC  3000               	movlw	0
  1002     07AD  00FD               	movwf	_stato+1
  1003     07AE  2E7F               	goto	l1135
  1004     07AF                     l123:	
  1005                           ;main.c: 272:             case 30:
  1006                           
  1007                           
  1008                           ;main.c: 273:                     RD6 = 0;
  1009     07AF  1283               	bcf	3,5	;RP0=0, select bank0
  1010     07B0  1303               	bcf	3,6	;RP1=0, select bank0
  1011     07B1  1308               	bcf	8,6	;volatile
  1012                           
  1013                           ;main.c: 274:                     RD5 = 0;
  1014     07B2  1288               	bcf	8,5	;volatile
  1015     07B3                     l1201:
  1016                           
  1017                           ;main.c: 275:                     stato=40;
  1018     07B3  3028               	movlw	40
  1019     07B4  00FC               	movwf	_stato
  1020     07B5  3000               	movlw	0
  1021     07B6  00FD               	movwf	_stato+1
  1022     07B7  2F8A               	goto	l1189
  1023     07B8                     l1207:
  1024                           
  1025                           ; Switch on 2 bytes has been partitioned into a top level switch of size 1, and 1 sub-sw
      +                          itches
  1026                           ; Switch size 1, requested type "simple"
  1027                           ; Number of cases is 1, Range of values is 0 to 0
  1028                           ; switch strategies available:
  1029                           ; Name         Instructions Cycles
  1030                           ; simple_byte            4     3 (average)
  1031                           ; direct_byte           11     8 (fixed)
  1032                           ; jumptable            260     6 (fixed)
  1033                           ;	Chosen strategy is simple_byte
  1034     07B8  087D               	movf	_stato+1,w
  1035     07B9  3A00               	xorlw	0	; case 0
  1036     07BA  1903               	skipnz
  1037     07BB  2FBD               	goto	l1253
  1038     07BC  2E7F               	goto	l1135
  1039     07BD                     l1253:
  1040                           
  1041                           ; Switch size 1, requested type "simple"
  1042                           ; Number of cases is 13, Range of values is 0 to 40
  1043                           ; switch strategies available:
  1044                           ; Name         Instructions Cycles
  1045                           ; simple_byte           40    21 (average)
  1046                           ; direct_byte          131     8 (fixed)
  1047                           ; jumptable            260     6 (fixed)
  1048                           ;	Chosen strategy is simple_byte
  1049     07BD  087C               	movf	_stato,w
  1050     07BE  3A00               	xorlw	0	; case 0
  1051     07BF  1903               	skipnz
  1052     07C0  2EA8               	goto	l1145
  1053     07C1  3A01               	xorlw	1	; case 1
  1054     07C2  1903               	skipnz
  1055     07C3  2ED9               	goto	l102
  1056     07C4  3A03               	xorlw	3	; case 2
  1057     07C5  1903               	skipnz
  1058     07C6  2F00               	goto	l106
  1059     07C7  3A01               	xorlw	1	; case 3
  1060     07C8  1903               	skipnz
  1061     07C9  2F07               	goto	l1167
  1062     07CA  3A07               	xorlw	7	; case 4
  1063     07CB  1903               	skipnz
  1064     07CC  2F22               	goto	l109
  1065     07CD  3A01               	xorlw	1	; case 5
  1066     07CE  1903               	skipnz
  1067     07CF  2F2D               	goto	l111
  1068     07D0  3A03               	xorlw	3	; case 6
  1069     07D1  1903               	skipnz
  1070     07D2  2F67               	goto	l115
  1071     07D3  3A01               	xorlw	1	; case 7
  1072     07D4  1903               	skipnz
  1073     07D5  2F83               	goto	l117
  1074     07D6  3A0F               	xorlw	15	; case 8
  1075     07D7  1903               	skipnz
  1076     07D8  2F8A               	goto	l1189
  1077     07D9  3A02               	xorlw	2	; case 10
  1078     07DA  1903               	skipnz
  1079     07DB  2F8D               	goto	l120
  1080     07DC  3A1E               	xorlw	30	; case 20
  1081     07DD  1903               	skipnz
  1082     07DE  2F95               	goto	l1193
  1083     07DF  3A0A               	xorlw	10	; case 30
  1084     07E0  1903               	skipnz
  1085     07E1  2FAF               	goto	l123
  1086     07E2  3A36               	xorlw	54	; case 40
  1087     07E3  1903               	skipnz
  1088     07E4  2F8A               	goto	l1189
  1089     07E5  2E7F               	goto	l1135
  1090     07E6                     l101:
  1091     07E6  2E7F               	goto	l1135
  1092     07E7  120A  118A  2810   	ljmp	start
  1093     07EA                     __end_of_main:
  1094                           
  1095                           	psect	text1
  1096     0592                     __ptext1:	
  1097 ;; *************** function _Visualizza *****************
  1098 ;; Defined at:
  1099 ;;		line 93 in file "main.c"
  1100 ;; Parameters:    Size  Location     Type
  1101 ;;  display         2   13[BANK0 ] int 
  1102 ;; Auto vars:     Size  Location     Type
  1103 ;;  lettera        10   19[BANK0 ] unsigned int [5]
  1104 ;; Return value:  Size  Location     Type
  1105 ;;                  1    wreg      void 
  1106 ;; Registers used:
  1107 ;;		wreg, fsr0l, fsr0h, status,2, status,0
  1108 ;; Tracked objects:
  1109 ;;		On entry : 0/0
  1110 ;;		On exit  : 0/0
  1111 ;;		Unchanged: 0/0
  1112 ;; Data sizes:     COMMON   BANK0   BANK1   BANK3   BANK2
  1113 ;;      Params:         0       2       0       0       0
  1114 ;;      Locals:         0      10       0       0       0
  1115 ;;      Temps:          0       4       0       0       0
  1116 ;;      Totals:         0      16       0       0       0
  1117 ;;Total ram usage:       16 bytes
  1118 ;; Hardware stack levels used: 1
  1119 ;; Hardware stack levels required when called: 3
  1120 ;; This function calls:
  1121 ;;		Nothing
  1122 ;; This function is called by:
  1123 ;;		_main
  1124 ;; This function uses a non-reentrant model
  1125 ;;
  1126                           
  1127     0592                     _Visualizza:	
  1128                           ;psect for function _Visualizza
  1129                           
  1130     0592                     l1055:	
  1131                           ;incstack = 0
  1132                           ; Regs used in _Visualizza: [wreg-fsr0h+status,2+status,0]
  1133                           
  1134                           
  1135                           ;main.c: 93: void Visualizza (int display);main.c: 94: {;main.c: 95:     PORTC =0b111111
      +                          11;
  1136     0592  30FF               	movlw	255
  1137     0593  1283               	bcf	3,5	;RP0=0, select bank0
  1138     0594  1303               	bcf	3,6	;RP1=0, select bank0
  1139     0595  0087               	movwf	7	;volatile
  1140     0596                     l1057:
  1141                           
  1142                           ;main.c: 96:     unsigned int lettera[5] = {0b00111111, 0b01110001, 0b01111001, 0b010101
      +                          00, 0b01011000};
  1143     0596  3040               	movlw	Visualizza@F1429& (0+255)
  1144     0597  0084               	movwf	4
  1145     0598  3033               	movlw	low Visualizza@lettera
  1146     0599  00AF               	movwf	??_Visualizza
  1147     059A  300A               	movlw	10
  1148     059B  00B0               	movwf	??_Visualizza+1
  1149     059C                     u680:
  1150     059C  1383               	bcf	3,7	;select IRP bank0
  1151     059D  0800               	movf	0,w
  1152     059E  00B1               	movwf	??_Visualizza+2
  1153     059F  0A04               	incf	4,w
  1154     05A0  00B2               	movwf	??_Visualizza+3
  1155     05A1  082F               	movf	??_Visualizza,w
  1156     05A2  0084               	movwf	4
  1157     05A3  0831               	movf	??_Visualizza+2,w
  1158     05A4  0080               	movwf	0
  1159     05A5  0A04               	incf	4,w
  1160     05A6  00AF               	movwf	??_Visualizza
  1161     05A7  0832               	movf	??_Visualizza+3,w
  1162     05A8  0084               	movwf	4
  1163     05A9  0BB0               	decfsz	??_Visualizza+1,f
  1164     05AA  2D9C               	goto	u680
  1165     05AB                     l1059:
  1166                           
  1167                           ;main.c: 98:     if(display == 1 )
  1168     05AB  032D               	decf	Visualizza@display,w
  1169     05AC  042E               	iorwf	Visualizza@display+1,w
  1170     05AD  1D03               	btfss	3,2
  1171     05AE  2DB0               	goto	u691
  1172     05AF  2DB1               	goto	u690
  1173     05B0                     u691:
  1174     05B0  2DB5               	goto	l1063
  1175     05B1                     u690:
  1176     05B1                     l1061:
  1177                           
  1178                           ;main.c: 99:     {;main.c: 100:         PORTC = lettera[0];
  1179     05B1  0833               	movf	Visualizza@lettera,w
  1180     05B2  0087               	movwf	7	;volatile
  1181                           
  1182                           ;main.c: 101:         PORTA = lettera[1];
  1183     05B3  0835               	movf	Visualizza@lettera+2,w
  1184     05B4  0085               	movwf	5	;volatile
  1185     05B5                     l1063:
  1186                           
  1187                           ;main.c: 104:     if(display == 0 )
  1188     05B5  082D               	movf	Visualizza@display,w
  1189     05B6  042E               	iorwf	Visualizza@display+1,w
  1190     05B7  1D03               	btfss	3,2
  1191     05B8  2DBA               	goto	u701
  1192     05B9  2DBB               	goto	u700
  1193     05BA                     u701:
  1194     05BA  2DBF               	goto	l1067
  1195     05BB                     u700:
  1196     05BB                     l1065:
  1197                           
  1198                           ;main.c: 105:     {;main.c: 106:         PORTC = lettera[0];
  1199     05BB  0833               	movf	Visualizza@lettera,w
  1200     05BC  0087               	movwf	7	;volatile
  1201                           
  1202                           ;main.c: 107:         PORTA = lettera[3];
  1203     05BD  0839               	movf	Visualizza@lettera+6,w
  1204     05BE  0085               	movwf	5	;volatile
  1205     05BF                     l1067:
  1206                           
  1207                           ;main.c: 110:     if(display == 2 )
  1208     05BF  3002               	movlw	2
  1209     05C0  062D               	xorwf	Visualizza@display,w
  1210     05C1  042E               	iorwf	Visualizza@display+1,w
  1211     05C2  1D03               	btfss	3,2
  1212     05C3  2DC5               	goto	u711
  1213     05C4  2DC6               	goto	u710
  1214     05C5                     u711:
  1215     05C5  2DCA               	goto	l1071
  1216     05C6                     u710:
  1217     05C6                     l1069:
  1218                           
  1219                           ;main.c: 111:     {;main.c: 112:         PORTC =lettera[1];
  1220     05C6  0835               	movf	Visualizza@lettera+2,w
  1221     05C7  0087               	movwf	7	;volatile
  1222                           
  1223                           ;main.c: 113:         PORTA =lettera[4];
  1224     05C8  083B               	movf	Visualizza@lettera+8,w
  1225     05C9  0085               	movwf	5	;volatile
  1226     05CA                     l1071:
  1227                           
  1228                           ;main.c: 116:     if(display == 3 )
  1229     05CA  3003               	movlw	3
  1230     05CB  062D               	xorwf	Visualizza@display,w
  1231     05CC  042E               	iorwf	Visualizza@display+1,w
  1232     05CD  1D03               	btfss	3,2
  1233     05CE  2DD0               	goto	u721
  1234     05CF  2DD1               	goto	u720
  1235     05D0                     u721:
  1236     05D0  2DD5               	goto	l1075
  1237     05D1                     u720:
  1238     05D1                     l1073:
  1239                           
  1240                           ;main.c: 117:     {;main.c: 118:         PORTC = lettera[2];
  1241     05D1  0837               	movf	Visualizza@lettera+4,w
  1242     05D2  0087               	movwf	7	;volatile
  1243                           
  1244                           ;main.c: 119:         PORTA = lettera[3];
  1245     05D3  0839               	movf	Visualizza@lettera+6,w
  1246     05D4  0085               	movwf	5	;volatile
  1247     05D5                     l1075:
  1248                           
  1249                           ;main.c: 122:     if(display == 4 )
  1250     05D5  3004               	movlw	4
  1251     05D6  062D               	xorwf	Visualizza@display,w
  1252     05D7  042E               	iorwf	Visualizza@display+1,w
  1253     05D8  1D03               	btfss	3,2
  1254     05D9  2DDB               	goto	u731
  1255     05DA  2DDC               	goto	u730
  1256     05DB                     u731:
  1257     05DB  2DE0               	goto	l81
  1258     05DC                     u730:
  1259     05DC                     l1077:
  1260                           
  1261                           ;main.c: 123:     {;main.c: 124:         PORTC = 0b00111111;
  1262     05DC  303F               	movlw	63
  1263     05DD  0087               	movwf	7	;volatile
  1264     05DE                     l1079:
  1265                           
  1266                           ;main.c: 125:         PORTA = lettera[0];
  1267     05DE  0833               	movf	Visualizza@lettera,w
  1268     05DF  0085               	movwf	5	;volatile
  1269     05E0                     l81:
  1270     05E0  0008               	return
  1271     05E1                     __end_of_Visualizza:
  1272                           
  1273                           	psect	text2
  1274     04BF                     __ptext2:	
  1275 ;; *************** function _Irrigazione *****************
  1276 ;; Defined at:
  1277 ;;		line 74 in file "main.c"
  1278 ;; Parameters:    Size  Location     Type
  1279 ;;  power           2   13[BANK0 ] int 
  1280 ;;  direzione       2   15[BANK0 ] int 
  1281 ;;  velocita        2   17[BANK0 ] int 
  1282 ;;  irrigazione     2   19[BANK0 ] int 
  1283 ;; Auto vars:     Size  Location     Type
  1284 ;;		None
  1285 ;; Return value:  Size  Location     Type
  1286 ;;                  1    wreg      void 
  1287 ;; Registers used:
  1288 ;;		wreg, status,2, status,0
  1289 ;; Tracked objects:
  1290 ;;		On entry : 0/0
  1291 ;;		On exit  : 0/0
  1292 ;;		Unchanged: 0/0
  1293 ;; Data sizes:     COMMON   BANK0   BANK1   BANK3   BANK2
  1294 ;;      Params:         0       8       0       0       0
  1295 ;;      Locals:         0       0       0       0       0
  1296 ;;      Temps:          0       0       0       0       0
  1297 ;;      Totals:         0       8       0       0       0
  1298 ;;Total ram usage:        8 bytes
  1299 ;; Hardware stack levels used: 1
  1300 ;; Hardware stack levels required when called: 3
  1301 ;; This function calls:
  1302 ;;		Nothing
  1303 ;; This function is called by:
  1304 ;;		_main
  1305 ;; This function uses a non-reentrant model
  1306 ;;
  1307                           
  1308     04BF                     _Irrigazione:	
  1309                           ;psect for function _Irrigazione
  1310                           
  1311     04BF                     l1023:	
  1312                           ;incstack = 0
  1313                           ; Regs used in _Irrigazione: [wreg+status,2+status,0]
  1314                           
  1315                           
  1316                           ;main.c: 74: void Irrigazione(int power, int direzione, int velocita, int irrigazione);m
      +                          ain.c: 75: {;main.c: 77:     if(power == 1) RD4 = 1;
  1317     04BF  1283               	bcf	3,5	;RP0=0, select bank0
  1318     04C0  1303               	bcf	3,6	;RP1=0, select bank0
  1319     04C1  032D               	decf	Irrigazione@power,w
  1320     04C2  042E               	iorwf	Irrigazione@power+1,w
  1321     04C3  1D03               	btfss	3,2
  1322     04C4  2CC6               	goto	u601
  1323     04C5  2CC7               	goto	u600
  1324     04C6                     u601:
  1325     04C6  2CC8               	goto	l1027
  1326     04C7                     u600:
  1327     04C7                     l1025:
  1328     04C7  1608               	bsf	8,4	;volatile
  1329     04C8                     l1027:
  1330                           
  1331                           ;main.c: 78:     if(power == 0) RD4 = 0;
  1332     04C8  082D               	movf	Irrigazione@power,w
  1333     04C9  042E               	iorwf	Irrigazione@power+1,w
  1334     04CA  1D03               	btfss	3,2
  1335     04CB  2CCD               	goto	u611
  1336     04CC  2CCE               	goto	u610
  1337     04CD                     u611:
  1338     04CD  2CCF               	goto	l1031
  1339     04CE                     u610:
  1340     04CE                     l1029:
  1341     04CE  1208               	bcf	8,4	;volatile
  1342     04CF                     l1031:
  1343                           
  1344                           ;main.c: 81:     if(direzione == 1) RD2 = 1;
  1345     04CF  032F               	decf	Irrigazione@direzione,w
  1346     04D0  0430               	iorwf	Irrigazione@direzione+1,w
  1347     04D1  1D03               	btfss	3,2
  1348     04D2  2CD4               	goto	u621
  1349     04D3  2CD5               	goto	u620
  1350     04D4                     u621:
  1351     04D4  2CD6               	goto	l1035
  1352     04D5                     u620:
  1353     04D5                     l1033:
  1354     04D5  1508               	bsf	8,2	;volatile
  1355     04D6                     l1035:
  1356                           
  1357                           ;main.c: 82:     if(direzione == 0) RD2 = 0;
  1358     04D6  082F               	movf	Irrigazione@direzione,w
  1359     04D7  0430               	iorwf	Irrigazione@direzione+1,w
  1360     04D8  1D03               	btfss	3,2
  1361     04D9  2CDB               	goto	u631
  1362     04DA  2CDC               	goto	u630
  1363     04DB                     u631:
  1364     04DB  2CDD               	goto	l1039
  1365     04DC                     u630:
  1366     04DC                     l1037:
  1367     04DC  1108               	bcf	8,2	;volatile
  1368     04DD                     l1039:
  1369                           
  1370                           ;main.c: 85:     if(velocita == 0) RD3 = 0;
  1371     04DD  0831               	movf	Irrigazione@velocita,w
  1372     04DE  0432               	iorwf	Irrigazione@velocita+1,w
  1373     04DF  1D03               	btfss	3,2
  1374     04E0  2CE2               	goto	u641
  1375     04E1  2CE3               	goto	u640
  1376     04E2                     u641:
  1377     04E2  2CE4               	goto	l1043
  1378     04E3                     u640:
  1379     04E3                     l1041:
  1380     04E3  1188               	bcf	8,3	;volatile
  1381     04E4                     l1043:
  1382                           
  1383                           ;main.c: 86:     if(velocita == 1) RD3 = 1;
  1384     04E4  0331               	decf	Irrigazione@velocita,w
  1385     04E5  0432               	iorwf	Irrigazione@velocita+1,w
  1386     04E6  1D03               	btfss	3,2
  1387     04E7  2CE9               	goto	u651
  1388     04E8  2CEA               	goto	u650
  1389     04E9                     u651:
  1390     04E9  2CEB               	goto	l1047
  1391     04EA                     u650:
  1392     04EA                     l1045:
  1393     04EA  1588               	bsf	8,3	;volatile
  1394     04EB                     l1047:
  1395                           
  1396                           ;main.c: 89:     if(irrigazione == 1 ) RD7 = 1;
  1397     04EB  0333               	decf	Irrigazione@irrigazione,w
  1398     04EC  0434               	iorwf	Irrigazione@irrigazione+1,w
  1399     04ED  1D03               	btfss	3,2
  1400     04EE  2CF0               	goto	u661
  1401     04EF  2CF1               	goto	u660
  1402     04F0                     u661:
  1403     04F0  2CF2               	goto	l1051
  1404     04F1                     u660:
  1405     04F1                     l1049:
  1406     04F1  1788               	bsf	8,7	;volatile
  1407     04F2                     l1051:
  1408                           
  1409                           ;main.c: 90:     if(irrigazione == 0) RD7 = 0;
  1410     04F2  0833               	movf	Irrigazione@irrigazione,w
  1411     04F3  0434               	iorwf	Irrigazione@irrigazione+1,w
  1412     04F4  1D03               	btfss	3,2
  1413     04F5  2CF7               	goto	u671
  1414     04F6  2CF8               	goto	u670
  1415     04F7                     u671:
  1416     04F7  2CF9               	goto	l71
  1417     04F8                     u670:
  1418     04F8                     l1053:
  1419     04F8  1388               	bcf	8,7	;volatile
  1420     04F9                     l71:
  1421     04F9  0008               	return
  1422     04FA                     __end_of_Irrigazione:
  1423                           
  1424                           	psect	text3
  1425     04A6                     __ptext3:	
  1426 ;; *************** function _ISR *****************
  1427 ;; Defined at:
  1428 ;;		line 285 in file "main.c"
  1429 ;; Parameters:    Size  Location     Type
  1430 ;;		None
  1431 ;; Auto vars:     Size  Location     Type
  1432 ;;		None
  1433 ;; Return value:  Size  Location     Type
  1434 ;;                  1    wreg      void 
  1435 ;; Registers used:
  1436 ;;		wreg, fsr0l, fsr0h, status,2, status,0, pclath, cstack
  1437 ;; Tracked objects:
  1438 ;;		On entry : 0/0
  1439 ;;		On exit  : 0/0
  1440 ;;		Unchanged: 0/0
  1441 ;; Data sizes:     COMMON   BANK0   BANK1   BANK3   BANK2
  1442 ;;      Params:         0       0       0       0       0
  1443 ;;      Locals:         0       0       0       0       0
  1444 ;;      Temps:          0       3       0       0       0
  1445 ;;      Totals:         0       3       0       0       0
  1446 ;;Total ram usage:        3 bytes
  1447 ;; Hardware stack levels used: 1
  1448 ;; Hardware stack levels required when called: 2
  1449 ;; This function calls:
  1450 ;;		_Stop
  1451 ;; This function is called by:
  1452 ;;		Interrupt level 1
  1453 ;; This function uses a non-reentrant model
  1454 ;;
  1455                           
  1456     04A6                     _ISR:	
  1457                           ;psect for function _ISR
  1458                           
  1459     04A6                     i1l1215:
  1460                           
  1461                           ;main.c: 287:     if (INTCONbits.INTE && INTCONbits.INTF)
  1462     04A6  1E0B               	btfss	11,4	;volatile
  1463     04A7  2CA9               	goto	u89_21
  1464     04A8  2CAA               	goto	u89_20
  1465     04A9                     u89_21:
  1466     04A9  2CB4               	goto	i1l133
  1467     04AA                     u89_20:
  1468     04AA                     i1l1217:
  1469     04AA  1C8B               	btfss	11,1	;volatile
  1470     04AB  2CAD               	goto	u90_21
  1471     04AC  2CAE               	goto	u90_20
  1472     04AD                     u90_21:
  1473     04AD  2CB4               	goto	i1l133
  1474     04AE                     u90_20:
  1475     04AE                     i1l1219:
  1476                           
  1477                           ;main.c: 288:     {;main.c: 289:         INTCONbits.INTF = 0;
  1478     04AE  108B               	bcf	11,1	;volatile
  1479     04AF                     i1l1221:
  1480                           
  1481                           ;main.c: 290:         Stop();
  1482     04AF  120A  118A  25E1  120A  118A  	fcall	_Stop
  1483     04B4                     i1l133:
  1484     04B4  1283               	bcf	3,5	;RP0=0, select bank0
  1485     04B5  1303               	bcf	3,6	;RP1=0, select bank0
  1486     04B6  082C               	movf	??_ISR+2,w
  1487     04B7  008A               	movwf	10
  1488     04B8  082B               	movf	??_ISR+1,w
  1489     04B9  0084               	movwf	4
  1490     04BA  0E2A               	swapf	??_ISR,w
  1491     04BB  0083               	movwf	3
  1492     04BC  0EFE               	swapf	btemp,f
  1493     04BD  0E7E               	swapf	btemp,w
  1494     04BE  0009               	retfie
  1495     04BF                     __end_of_ISR:
  1496                           
  1497                           	psect	intentry
  1498     0004                     __pintentry:	
  1499                           ;incstack = 0
  1500                           ; Regs used in _ISR: [wreg-fsr0h+status,2+status,0+pclath+cstack]
  1501                           
  1502     0004                     interrupt_function:
  1503     007E                     saved_w         set	btemp
  1504     0004  00FE               	movwf	btemp
  1505     0005  0E03               	swapf	3,w
  1506     0006  1283               	bcf	3,5	;RP0=0, select bank0
  1507     0007  1303               	bcf	3,6	;RP1=0, select bank0
  1508     0008  00AA               	movwf	??_ISR
  1509     0009  0804               	movf	4,w
  1510     000A  00AB               	movwf	??_ISR+1
  1511     000B  080A               	movf	10,w
  1512     000C  00AC               	movwf	??_ISR+2
  1513     000D  120A  118A  2CA6   	ljmp	_ISR
  1514                           
  1515                           	psect	text4
  1516     05E1                     __ptext4:	
  1517 ;; *************** function _Stop *****************
  1518 ;; Defined at:
  1519 ;;		line 130 in file "main.c"
  1520 ;; Parameters:    Size  Location     Type
  1521 ;;		None
  1522 ;; Auto vars:     Size  Location     Type
  1523 ;;		None
  1524 ;; Return value:  Size  Location     Type
  1525 ;;                  1    wreg      void 
  1526 ;; Registers used:
  1527 ;;		wreg, fsr0l, fsr0h, status,2, status,0, pclath, cstack
  1528 ;; Tracked objects:
  1529 ;;		On entry : 0/0
  1530 ;;		On exit  : 0/0
  1531 ;;		Unchanged: 0/0
  1532 ;; Data sizes:     COMMON   BANK0   BANK1   BANK3   BANK2
  1533 ;;      Params:         0       0       0       0       0
  1534 ;;      Locals:         0       0       0       0       0
  1535 ;;      Temps:          3       0       0       0       0
  1536 ;;      Totals:         3       0       0       0       0
  1537 ;;Total ram usage:        3 bytes
  1538 ;; Hardware stack levels used: 1
  1539 ;; Hardware stack levels required when called: 1
  1540 ;; This function calls:
  1541 ;;		i1_Irrigazione
  1542 ;;		i1_Visualizza
  1543 ;; This function is called by:
  1544 ;;		_ISR
  1545 ;; This function uses a non-reentrant model
  1546 ;;
  1547                           
  1548     05E1                     _Stop:	
  1549                           ;psect for function _Stop
  1550                           
  1551     05E1                     i1l1081:	
  1552                           ;incstack = 0
  1553                           ; Regs used in _Stop: [wreg-fsr0h+status,2+status,0+pclath+cstack]
  1554                           
  1555                           
  1556                           ;main.c: 132:     Irrigazione(0, 0, 0, 0);
  1557     05E1  3000               	movlw	0
  1558     05E2  00F1               	movwf	i1Irrigazione@power
  1559     05E3  00F2               	movwf	i1Irrigazione@power+1
  1560     05E4  3000               	movlw	0
  1561     05E5  00F3               	movwf	i1Irrigazione@direzione
  1562     05E6  00F4               	movwf	i1Irrigazione@direzione+1
  1563     05E7  3000               	movlw	0
  1564     05E8  00F5               	movwf	i1Irrigazione@velocita
  1565     05E9  00F6               	movwf	i1Irrigazione@velocita+1
  1566     05EA  3000               	movlw	0
  1567     05EB  00F7               	movwf	i1Irrigazione@irrigazione
  1568     05EC  00F8               	movwf	i1Irrigazione@irrigazione+1
  1569     05ED  120A  118A  24FA  120A  118A  	fcall	i1_Irrigazione
  1570     05F2                     i1l1083:
  1571                           
  1572                           ;main.c: 133:     Visualizza(1);
  1573     05F2  3001               	movlw	1
  1574     05F3  00F1               	movwf	i1Visualizza@display
  1575     05F4  3000               	movlw	0
  1576     05F5  00F2               	movwf	i1Visualizza@display+1
  1577     05F6  120A  118A  2543  120A  118A  	fcall	i1_Visualizza
  1578     05FB                     i1l1085:
  1579                           
  1580                           ;main.c: 134:     stop=1;
  1581     05FB  3001               	movlw	1
  1582     05FC  1283               	bcf	3,5	;RP0=0, select bank0
  1583     05FD  1303               	bcf	3,6	;RP1=0, select bank0
  1584     05FE  00CA               	movwf	_stop
  1585     05FF  3000               	movlw	0
  1586     0600  00CB               	movwf	_stop+1
  1587     0601                     i1l1087:
  1588                           
  1589                           ;main.c: 135:     _delay((unsigned long)((5000)*(4000000/4000.0)));
  1590     0601  301A               	movlw	26
  1591     0602  00FB               	movwf	??_Stop+2
  1592     0603  305E               	movlw	94
  1593     0604  00FA               	movwf	??_Stop+1
  1594     0605  306E               	movlw	110
  1595     0606  00F9               	movwf	??_Stop
  1596     0607                     u92_27:
  1597     0607  0BF9               	decfsz	??_Stop,f
  1598     0608  2E07               	goto	u92_27
  1599     0609  0BFA               	decfsz	??_Stop+1,f
  1600     060A  2E07               	goto	u92_27
  1601     060B  0BFB               	decfsz	??_Stop+2,f
  1602     060C  2E07               	goto	u92_27
  1603     060D  0000               	nop
  1604     060E                     i1l1089:
  1605                           
  1606                           ;main.c: 136:     if (RB0 == 0)
  1607     060E  1283               	bcf	3,5	;RP0=0, select bank0
  1608     060F  1303               	bcf	3,6	;RP1=0, select bank0
  1609     0610  1806               	btfsc	6,0	;volatile
  1610     0611  2E13               	goto	u74_21
  1611     0612  2E14               	goto	u74_20
  1612     0613                     u74_21:
  1613     0613  2E3F               	goto	i1l1099
  1614     0614                     u74_20:
  1615     0614  2E28               	goto	i1l1095
  1616     0615                     i1l1093:
  1617                           
  1618                           ;main.c: 139:         {;main.c: 140:             Irrigazione(1, 0, 1, 0);
  1619     0615  3001               	movlw	1
  1620     0616  00F1               	movwf	i1Irrigazione@power
  1621     0617  3000               	movlw	0
  1622     0618  00F2               	movwf	i1Irrigazione@power+1
  1623     0619  3000               	movlw	0
  1624     061A  00F3               	movwf	i1Irrigazione@direzione
  1625     061B  00F4               	movwf	i1Irrigazione@direzione+1
  1626     061C  3001               	movlw	1
  1627     061D  00F5               	movwf	i1Irrigazione@velocita
  1628     061E  3000               	movlw	0
  1629     061F  00F6               	movwf	i1Irrigazione@velocita+1
  1630     0620  3000               	movlw	0
  1631     0621  00F7               	movwf	i1Irrigazione@irrigazione
  1632     0622  00F8               	movwf	i1Irrigazione@irrigazione+1
  1633     0623  120A  118A  24FA  120A  118A  	fcall	i1_Irrigazione
  1634     0628                     i1l1095:
  1635                           
  1636                           ;main.c: 138:         while(RB3==1)
  1637     0628  1283               	bcf	3,5	;RP0=0, select bank0
  1638     0629  1303               	bcf	3,6	;RP1=0, select bank0
  1639     062A  1986               	btfsc	6,3	;volatile
  1640     062B  2E2D               	goto	u75_21
  1641     062C  2E2E               	goto	u75_20
  1642     062D                     u75_21:
  1643     062D  2E15               	goto	i1l1093
  1644     062E                     u75_20:
  1645     062E                     i1l1097:
  1646                           
  1647                           ;main.c: 142:         Irrigazione(0, 0, 0, 0);
  1648     062E  3000               	movlw	0
  1649     062F  00F1               	movwf	i1Irrigazione@power
  1650     0630  00F2               	movwf	i1Irrigazione@power+1
  1651     0631  3000               	movlw	0
  1652     0632  00F3               	movwf	i1Irrigazione@direzione
  1653     0633  00F4               	movwf	i1Irrigazione@direzione+1
  1654     0634  3000               	movlw	0
  1655     0635  00F5               	movwf	i1Irrigazione@velocita
  1656     0636  00F6               	movwf	i1Irrigazione@velocita+1
  1657     0637  3000               	movlw	0
  1658     0638  00F7               	movwf	i1Irrigazione@irrigazione
  1659     0639  00F8               	movwf	i1Irrigazione@irrigazione+1
  1660     063A  120A  118A  24FA  120A  118A  	fcall	i1_Irrigazione
  1661     063F                     i1l1099:
  1662                           
  1663                           ;main.c: 143:         stato = 0;
  1664     063F  01FC               	clrf	_stato
  1665     0640  01FD               	clrf	_stato+1
  1666     0641                     i1l89:	
  1667                           ;main.c: 144:     }
  1668                           
  1669     0641  0008               	return
  1670     0642                     __end_of_Stop:
  1671                           
  1672                           	psect	text5
  1673     0543                     __ptext5:	
  1674 ;; *************** function i1_Visualizza *****************
  1675 ;; Defined at:
  1676 ;;		line 93 in file "main.c"
  1677 ;; Parameters:    Size  Location     Type
  1678 ;;  display         2    0[COMMON] int 
  1679 ;; Auto vars:     Size  Location     Type
  1680 ;;  lettera        10    0[BANK0 ] unsigned int [5]
  1681 ;; Return value:  Size  Location     Type
  1682 ;;                  1    wreg      void 
  1683 ;; Registers used:
  1684 ;;		wreg, fsr0l, fsr0h, status,2, status,0
  1685 ;; Tracked objects:
  1686 ;;		On entry : 0/0
  1687 ;;		On exit  : 0/0
  1688 ;;		Unchanged: 0/0
  1689 ;; Data sizes:     COMMON   BANK0   BANK1   BANK3   BANK2
  1690 ;;      Params:         2       0       0       0       0
  1691 ;;      Locals:         0      10       0       0       0
  1692 ;;      Temps:          4       0       0       0       0
  1693 ;;      Totals:         6      10       0       0       0
  1694 ;;Total ram usage:       16 bytes
  1695 ;; Hardware stack levels used: 1
  1696 ;; This function calls:
  1697 ;;		Nothing
  1698 ;; This function is called by:
  1699 ;;		_Stop
  1700 ;; This function uses a non-reentrant model
  1701 ;;
  1702                           
  1703     0543                     i1_Visualizza:	
  1704                           ;psect for function i1_Visualizza
  1705                           
  1706     0543                     i1l997:	
  1707                           ;incstack = 0
  1708                           ; Regs used in i1_Visualizza: [wreg-fsr0h+status,2+status,0]
  1709                           
  1710                           
  1711                           ;main.c: 93: void Visualizza (int display);main.c: 94: {;main.c: 95:     PORTC =0b111111
      +                          11;
  1712     0543  30FF               	movlw	255
  1713     0544  1283               	bcf	3,5	;RP0=0, select bank0
  1714     0545  1303               	bcf	3,6	;RP1=0, select bank0
  1715     0546  0087               	movwf	7	;volatile
  1716     0547                     i1l999:
  1717                           
  1718                           ;main.c: 96:     unsigned int lettera[5] = {0b00111111, 0b01110001, 0b01111001, 0b010101
      +                          00, 0b01011000};
  1719     0547  3040               	movlw	Visualizza@F1429& (0+255)
  1720     0548  0084               	movwf	4
  1721     0549  3020               	movlw	low i1Visualizza@lettera
  1722     054A  00F3               	movwf	??i1_Visualizza
  1723     054B  300A               	movlw	10
  1724     054C  00F4               	movwf	??i1_Visualizza+1
  1725     054D                     u54_20:
  1726     054D  1383               	bcf	3,7	;select IRP bank0
  1727     054E  0800               	movf	0,w
  1728     054F  00F5               	movwf	??i1_Visualizza+2
  1729     0550  0A04               	incf	4,w
  1730     0551  00F6               	movwf	??i1_Visualizza+3
  1731     0552  0873               	movf	??i1_Visualizza,w
  1732     0553  0084               	movwf	4
  1733     0554  0875               	movf	??i1_Visualizza+2,w
  1734     0555  0080               	movwf	0
  1735     0556  0A04               	incf	4,w
  1736     0557  00F3               	movwf	??i1_Visualizza
  1737     0558  0876               	movf	??i1_Visualizza+3,w
  1738     0559  0084               	movwf	4
  1739     055A  0BF4               	decfsz	??i1_Visualizza+1,f
  1740     055B  2D4D               	goto	u54_20
  1741     055C                     i1l1001:
  1742                           
  1743                           ;main.c: 98:     if(display == 1 )
  1744     055C  0371               	decf	i1Visualizza@display,w
  1745     055D  0472               	iorwf	i1Visualizza@display+1,w
  1746     055E  1D03               	btfss	3,2
  1747     055F  2D61               	goto	u55_21
  1748     0560  2D62               	goto	u55_20
  1749     0561                     u55_21:
  1750     0561  2D66               	goto	i1l1005
  1751     0562                     u55_20:
  1752     0562                     i1l1003:
  1753                           
  1754                           ;main.c: 99:     {;main.c: 100:         PORTC = lettera[0];
  1755     0562  0820               	movf	i1Visualizza@lettera,w
  1756     0563  0087               	movwf	7	;volatile
  1757                           
  1758                           ;main.c: 101:         PORTA = lettera[1];
  1759     0564  0822               	movf	i1Visualizza@lettera+2,w
  1760     0565  0085               	movwf	5	;volatile
  1761     0566                     i1l1005:
  1762                           
  1763                           ;main.c: 104:     if(display == 0 )
  1764     0566  0871               	movf	i1Visualizza@display,w
  1765     0567  0472               	iorwf	i1Visualizza@display+1,w
  1766     0568  1D03               	btfss	3,2
  1767     0569  2D6B               	goto	u56_21
  1768     056A  2D6C               	goto	u56_20
  1769     056B                     u56_21:
  1770     056B  2D70               	goto	i1l1009
  1771     056C                     u56_20:
  1772     056C                     i1l1007:
  1773                           
  1774                           ;main.c: 105:     {;main.c: 106:         PORTC = lettera[0];
  1775     056C  0820               	movf	i1Visualizza@lettera,w
  1776     056D  0087               	movwf	7	;volatile
  1777                           
  1778                           ;main.c: 107:         PORTA = lettera[3];
  1779     056E  0826               	movf	i1Visualizza@lettera+6,w
  1780     056F  0085               	movwf	5	;volatile
  1781     0570                     i1l1009:
  1782                           
  1783                           ;main.c: 110:     if(display == 2 )
  1784     0570  3002               	movlw	2
  1785     0571  0671               	xorwf	i1Visualizza@display,w
  1786     0572  0472               	iorwf	i1Visualizza@display+1,w
  1787     0573  1D03               	btfss	3,2
  1788     0574  2D76               	goto	u57_21
  1789     0575  2D77               	goto	u57_20
  1790     0576                     u57_21:
  1791     0576  2D7B               	goto	i1l1013
  1792     0577                     u57_20:
  1793     0577                     i1l1011:
  1794                           
  1795                           ;main.c: 111:     {;main.c: 112:         PORTC =lettera[1];
  1796     0577  0822               	movf	i1Visualizza@lettera+2,w
  1797     0578  0087               	movwf	7	;volatile
  1798                           
  1799                           ;main.c: 113:         PORTA =lettera[4];
  1800     0579  0828               	movf	i1Visualizza@lettera+8,w
  1801     057A  0085               	movwf	5	;volatile
  1802     057B                     i1l1013:
  1803                           
  1804                           ;main.c: 116:     if(display == 3 )
  1805     057B  3003               	movlw	3
  1806     057C  0671               	xorwf	i1Visualizza@display,w
  1807     057D  0472               	iorwf	i1Visualizza@display+1,w
  1808     057E  1D03               	btfss	3,2
  1809     057F  2D81               	goto	u58_21
  1810     0580  2D82               	goto	u58_20
  1811     0581                     u58_21:
  1812     0581  2D86               	goto	i1l1017
  1813     0582                     u58_20:
  1814     0582                     i1l1015:
  1815                           
  1816                           ;main.c: 117:     {;main.c: 118:         PORTC = lettera[2];
  1817     0582  0824               	movf	i1Visualizza@lettera+4,w
  1818     0583  0087               	movwf	7	;volatile
  1819                           
  1820                           ;main.c: 119:         PORTA = lettera[3];
  1821     0584  0826               	movf	i1Visualizza@lettera+6,w
  1822     0585  0085               	movwf	5	;volatile
  1823     0586                     i1l1017:
  1824                           
  1825                           ;main.c: 122:     if(display == 4 )
  1826     0586  3004               	movlw	4
  1827     0587  0671               	xorwf	i1Visualizza@display,w
  1828     0588  0472               	iorwf	i1Visualizza@display+1,w
  1829     0589  1D03               	btfss	3,2
  1830     058A  2D8C               	goto	u59_21
  1831     058B  2D8D               	goto	u59_20
  1832     058C                     u59_21:
  1833     058C  2D91               	goto	i1l81
  1834     058D                     u59_20:
  1835     058D                     i1l1019:
  1836                           
  1837                           ;main.c: 123:     {;main.c: 124:         PORTC = 0b00111111;
  1838     058D  303F               	movlw	63
  1839     058E  0087               	movwf	7	;volatile
  1840     058F                     i1l1021:
  1841                           
  1842                           ;main.c: 125:         PORTA = lettera[0];
  1843     058F  0820               	movf	i1Visualizza@lettera,w
  1844     0590  0085               	movwf	5	;volatile
  1845     0591                     i1l81:
  1846     0591  0008               	return
  1847     0592                     __end_ofi1_Visualizza:
  1848                           
  1849                           	psect	text6
  1850     04FA                     __ptext6:	
  1851 ;; *************** function i1_Irrigazione *****************
  1852 ;; Defined at:
  1853 ;;		line 74 in file "main.c"
  1854 ;; Parameters:    Size  Location     Type
  1855 ;;  power           2    0[COMMON] int 
  1856 ;;  direzione       2    2[COMMON] int 
  1857 ;;  velocita        2    4[COMMON] int 
  1858 ;;  irrigazione     2    6[COMMON] int 
  1859 ;; Auto vars:     Size  Location     Type
  1860 ;;		None
  1861 ;; Return value:  Size  Location     Type
  1862 ;;                  1    wreg      void 
  1863 ;; Registers used:
  1864 ;;		wreg, status,2, status,0
  1865 ;; Tracked objects:
  1866 ;;		On entry : 0/0
  1867 ;;		On exit  : 0/0
  1868 ;;		Unchanged: 0/0
  1869 ;; Data sizes:     COMMON   BANK0   BANK1   BANK3   BANK2
  1870 ;;      Params:         8       0       0       0       0
  1871 ;;      Locals:         0       0       0       0       0
  1872 ;;      Temps:          0       0       0       0       0
  1873 ;;      Totals:         8       0       0       0       0
  1874 ;;Total ram usage:        8 bytes
  1875 ;; Hardware stack levels used: 1
  1876 ;; This function calls:
  1877 ;;		Nothing
  1878 ;; This function is called by:
  1879 ;;		_Stop
  1880 ;; This function uses a non-reentrant model
  1881 ;;
  1882                           
  1883     04FA                     i1_Irrigazione:	
  1884                           ;psect for function i1_Irrigazione
  1885                           
  1886     04FA                     i1l965:	
  1887                           ;incstack = 0
  1888                           ; Regs used in i1_Irrigazione: [wreg+status,2+status,0]
  1889                           
  1890                           
  1891                           ;main.c: 74: void Irrigazione(int power, int direzione, int velocita, int irrigazione);m
      +                          ain.c: 75: {;main.c: 77:     if(power == 1) RD4 = 1;
  1892     04FA  0371               	decf	i1Irrigazione@power,w
  1893     04FB  0472               	iorwf	i1Irrigazione@power+1,w
  1894     04FC  1D03               	btfss	3,2
  1895     04FD  2CFF               	goto	u46_21
  1896     04FE  2D00               	goto	u46_20
  1897     04FF                     u46_21:
  1898     04FF  2D03               	goto	i1l969
  1899     0500                     u46_20:
  1900     0500                     i1l967:
  1901     0500  1283               	bcf	3,5	;RP0=0, select bank0
  1902     0501  1303               	bcf	3,6	;RP1=0, select bank0
  1903     0502  1608               	bsf	8,4	;volatile
  1904     0503                     i1l969:
  1905                           
  1906                           ;main.c: 78:     if(power == 0) RD4 = 0;
  1907     0503  0871               	movf	i1Irrigazione@power,w
  1908     0504  0472               	iorwf	i1Irrigazione@power+1,w
  1909     0505  1D03               	btfss	3,2
  1910     0506  2D08               	goto	u47_21
  1911     0507  2D09               	goto	u47_20
  1912     0508                     u47_21:
  1913     0508  2D0C               	goto	i1l973
  1914     0509                     u47_20:
  1915     0509                     i1l971:
  1916     0509  1283               	bcf	3,5	;RP0=0, select bank0
  1917     050A  1303               	bcf	3,6	;RP1=0, select bank0
  1918     050B  1208               	bcf	8,4	;volatile
  1919     050C                     i1l973:
  1920                           
  1921                           ;main.c: 81:     if(direzione == 1) RD2 = 1;
  1922     050C  0373               	decf	i1Irrigazione@direzione,w
  1923     050D  0474               	iorwf	i1Irrigazione@direzione+1,w
  1924     050E  1D03               	btfss	3,2
  1925     050F  2D11               	goto	u48_21
  1926     0510  2D12               	goto	u48_20
  1927     0511                     u48_21:
  1928     0511  2D15               	goto	i1l977
  1929     0512                     u48_20:
  1930     0512                     i1l975:
  1931     0512  1283               	bcf	3,5	;RP0=0, select bank0
  1932     0513  1303               	bcf	3,6	;RP1=0, select bank0
  1933     0514  1508               	bsf	8,2	;volatile
  1934     0515                     i1l977:
  1935                           
  1936                           ;main.c: 82:     if(direzione == 0) RD2 = 0;
  1937     0515  0873               	movf	i1Irrigazione@direzione,w
  1938     0516  0474               	iorwf	i1Irrigazione@direzione+1,w
  1939     0517  1D03               	btfss	3,2
  1940     0518  2D1A               	goto	u49_21
  1941     0519  2D1B               	goto	u49_20
  1942     051A                     u49_21:
  1943     051A  2D1E               	goto	i1l981
  1944     051B                     u49_20:
  1945     051B                     i1l979:
  1946     051B  1283               	bcf	3,5	;RP0=0, select bank0
  1947     051C  1303               	bcf	3,6	;RP1=0, select bank0
  1948     051D  1108               	bcf	8,2	;volatile
  1949     051E                     i1l981:
  1950                           
  1951                           ;main.c: 85:     if(velocita == 0) RD3 = 0;
  1952     051E  0875               	movf	i1Irrigazione@velocita,w
  1953     051F  0476               	iorwf	i1Irrigazione@velocita+1,w
  1954     0520  1D03               	btfss	3,2
  1955     0521  2D23               	goto	u50_21
  1956     0522  2D24               	goto	u50_20
  1957     0523                     u50_21:
  1958     0523  2D27               	goto	i1l985
  1959     0524                     u50_20:
  1960     0524                     i1l983:
  1961     0524  1283               	bcf	3,5	;RP0=0, select bank0
  1962     0525  1303               	bcf	3,6	;RP1=0, select bank0
  1963     0526  1188               	bcf	8,3	;volatile
  1964     0527                     i1l985:
  1965                           
  1966                           ;main.c: 86:     if(velocita == 1) RD3 = 1;
  1967     0527  0375               	decf	i1Irrigazione@velocita,w
  1968     0528  0476               	iorwf	i1Irrigazione@velocita+1,w
  1969     0529  1D03               	btfss	3,2
  1970     052A  2D2C               	goto	u51_21
  1971     052B  2D2D               	goto	u51_20
  1972     052C                     u51_21:
  1973     052C  2D30               	goto	i1l989
  1974     052D                     u51_20:
  1975     052D                     i1l987:
  1976     052D  1283               	bcf	3,5	;RP0=0, select bank0
  1977     052E  1303               	bcf	3,6	;RP1=0, select bank0
  1978     052F  1588               	bsf	8,3	;volatile
  1979     0530                     i1l989:
  1980                           
  1981                           ;main.c: 89:     if(irrigazione == 1 ) RD7 = 1;
  1982     0530  0377               	decf	i1Irrigazione@irrigazione,w
  1983     0531  0478               	iorwf	i1Irrigazione@irrigazione+1,w
  1984     0532  1D03               	btfss	3,2
  1985     0533  2D35               	goto	u52_21
  1986     0534  2D36               	goto	u52_20
  1987     0535                     u52_21:
  1988     0535  2D39               	goto	i1l993
  1989     0536                     u52_20:
  1990     0536                     i1l991:
  1991     0536  1283               	bcf	3,5	;RP0=0, select bank0
  1992     0537  1303               	bcf	3,6	;RP1=0, select bank0
  1993     0538  1788               	bsf	8,7	;volatile
  1994     0539                     i1l993:
  1995                           
  1996                           ;main.c: 90:     if(irrigazione == 0) RD7 = 0;
  1997     0539  0877               	movf	i1Irrigazione@irrigazione,w
  1998     053A  0478               	iorwf	i1Irrigazione@irrigazione+1,w
  1999     053B  1D03               	btfss	3,2
  2000     053C  2D3E               	goto	u53_21
  2001     053D  2D3F               	goto	u53_20
  2002     053E                     u53_21:
  2003     053E  2D42               	goto	i1l71
  2004     053F                     u53_20:
  2005     053F                     i1l995:
  2006     053F  1283               	bcf	3,5	;RP0=0, select bank0
  2007     0540  1303               	bcf	3,6	;RP1=0, select bank0
  2008     0541  1388               	bcf	8,7	;volatile
  2009     0542                     i1l71:
  2010     0542  0008               	return
  2011     0543                     __end_ofi1_Irrigazione:
  2012     0002                     ___latbits      equ	2
  2013     007E                     btemp           set	126	;btemp
  2014     007E                     wtemp0          set	126
  2015                           
  2016                           	psect	config
  2017                           
  2018                           ;Config register CONFIG1 @ 0x2007
  2019                           ;	Oscillator Selection bits
  2020                           ;	FOSC = INTRC_NOCLKOUT, INTOSCIO oscillator: I/O function on RA6/OSC2/CLKOUT pin, I/O f
      +                          unction on RA7/OSC1/CLKIN
  2021                           ;	Watchdog Timer Enable bit
  2022                           ;	WDTE = OFF, WDT disabled and can be enabled by SWDTEN bit of the WDTCON register
  2023                           ;	Power-up Timer Enable bit
  2024                           ;	PWRTE = OFF, PWRT disabled
  2025                           ;	RE3/MCLR pin function select bit
  2026                           ;	MCLRE = OFF, RE3/MCLR pin function is digital input, MCLR internally tied to VDD
  2027                           ;	Code Protection bit
  2028                           ;	CP = OFF, Program memory code protection is disabled
  2029                           ;	Data Code Protection bit
  2030                           ;	CPD = OFF, Data memory code protection is disabled
  2031                           ;	Brown Out Reset Selection bits
  2032                           ;	BOREN = OFF, BOR disabled
  2033                           ;	Internal External Switchover bit
  2034                           ;	IESO = OFF, Internal/External Switchover mode is disabled
  2035                           ;	Fail-Safe Clock Monitor Enabled bit
  2036                           ;	FCMEN = OFF, Fail-Safe Clock Monitor is disabled
  2037                           ;	Low Voltage Programming Enable bit
  2038                           ;	LVP = OFF, RB3 pin has digital I/O, HV on MCLR must be used for programming
  2039                           ;	In-Circuit Debugger Mode bit
  2040                           ;	DEBUG = 0x1, unprogrammed default
  2041     2007                     	org	8199
  2042     2007  20D4               	dw	8404
  2043                           
  2044                           ;Config register CONFIG2 @ 0x2008
  2045                           ;	Brown-out Reset Selection bit
  2046                           ;	BOR4V = BOR40V, Brown-out Reset set to 4.0V
  2047                           ;	Flash Program Memory Self Write Enable bits
  2048                           ;	WRT = OFF, Write protection off
  2049     2008                     	org	8200
  2050     2008  3FFF               	dw	16383

Data Sizes:
    Strings     0
    Constant    0
    Data        10
    BSS         4
    Persistent  0
    Stack       0

Auto Spaces:
    Space          Size  Autos    Used
    COMMON           13     11      13
    BANK0            80     32      44
    BANK1            80      0       0
    BANK3            85      0       0
    BANK2            96      0       0

Pointer List with Targets:

    None.

Critical Paths under _main in COMMON

    None.

Critical Paths under _ISR in COMMON

    _ISR->_Stop
    _Stop->i1_Irrigazione

Critical Paths under _main in BANK0

    _main->_Visualizza

Critical Paths under _ISR in BANK0

    _Stop->i1_Visualizza

Critical Paths under _main in BANK1

    None.

Critical Paths under _ISR in BANK1

    None.

Critical Paths under _main in BANK3

    None.

Critical Paths under _ISR in BANK3

    None.

Critical Paths under _main in BANK2

    None.

Critical Paths under _ISR in BANK2

    None.

Call Graph Tables:

 ---------------------------------------------------------------------------------
 (Depth) Function   	        Calls       Base Space   Used Autos Params    Refs
 ---------------------------------------------------------------------------------
 (0) _main                                                 3     3      0     528
                                             29 BANK0      3     3      0
                        _Irrigazione
                         _Visualizza
 ---------------------------------------------------------------------------------
 (1) _Visualizza                                          16    14      2     320
                                             13 BANK0     16    14      2
 ---------------------------------------------------------------------------------
 (1) _Irrigazione                                          8     0      8     208
                                             13 BANK0      8     0      8
 ---------------------------------------------------------------------------------
 Estimated maximum stack depth 1
 ---------------------------------------------------------------------------------
 (Depth) Function   	        Calls       Base Space   Used Autos Params    Refs
 ---------------------------------------------------------------------------------
 (2) _ISR                                                  3     3      0     504
                                             10 BANK0      3     3      0
                               _Stop
 ---------------------------------------------------------------------------------
 (3) _Stop                                                 3     3      0     504
                                              8 COMMON     3     3      0
                      i1_Irrigazione
                       i1_Visualizza
 ---------------------------------------------------------------------------------
 (4) i1_Visualizza                                        16    14      2     316
                                              0 COMMON     6     4      2
                                              0 BANK0     10    10      0
 ---------------------------------------------------------------------------------
 (4) i1_Irrigazione                                        8     0      8     188
                                              0 COMMON     8     0      8
 ---------------------------------------------------------------------------------
 Estimated maximum stack depth 4
 ---------------------------------------------------------------------------------

 Call Graph Graphs:

 _main (ROOT)
   _Irrigazione
   _Visualizza

 _ISR (ROOT)
   _Stop
     i1_Irrigazione
     i1_Visualizza

Address spaces:
Name               Size   Autos  Total    Usage
BANK3               85      0       0      0.0%
BITBANK3            85      0       0      0.0%
BANK2               96      0       0      0.0%
BITBANK2            96      0       0      0.0%
BANK1               80      0       0      0.0%
BITBANK1            80      0       0      0.0%
BANK0               80     32      44     55.0%
BITBANK0            80      0       0      0.0%
COMMON              13     11      13    100.0%
BITCOMMON           13      0       0      0.0%
DATA                 0      0      57      0.0%
STACK                0      0       0      0.0%


Microchip Technology PIC Macro Assembler V3.00 build 20241204225717 
Symbol Table                                                                                   Sun May 11 23:15:15 2025

                       pc 0002                        l71 04F9                        l81 05E0  
                      l98 06B9                        fsr 0004                       l101 07E6  
                     l102 06D9                       l111 072D                       l103 06F7  
                     l120 078D                       l112 074B                       l106 0700  
                     l123 07AF                       l115 0767                       l117 0783  
                     l109 0722                       _RB0 0030                       _RB1 0031  
                     _RB2 0032                       _RB3 0033                       _RB4 0034  
                     _RB5 0035                       _RD2 0042                       _RB6 0036  
                     _RD3 0043                       _RD4 0044                       _RD5 0045  
                     _RD6 0046                       _RD7 0047                       u600 04C7  
                     u601 04C6                       u610 04CE                       u611 04CD  
                     u620 04D5                       u700 05BB                       _ISR 04A6  
                     u621 04D4                       u701 05BA                       u630 04DC  
                     u710 05C6                       u631 04DB                       u711 05C5  
                     u640 04E3                       u720 05D1                       u800 06DF  
                     u641 04E2                       u721 05D0                       u801 06DE  
                     u650 04EA                       u730 05DC                       u810 06FB  
                     u651 04E9                       u731 05DB                       u811 06FA  
                     u660 04F1                       u820 0706                       u661 04F0  
                     u821 0705                       u670 04F8                       u830 0728  
                     u671 04F7                       u831 0727                       u680 059C  
                     u840 0733                       u760 0685                       u841 0732  
                     u761 0684                       u690 05B1                       u850 074F  
                     u770 0689                       u691 05B0                       u851 074E  
                     u771 0688                       u860 076D                       u780 06B0  
                     u917 079D                       u861 076C                       u781 06AF  
                     u870 0789                       u790 06CA                       u871 0788  
                     u791 06C9                       u880 07AA                       u881 07A9  
            i1_Visualizza 0543                       fsr0 0004                       indf 0000  
                    ?_ISR 0071                      l1031 04CF                      l1023 04BF  
                    l1111 064B                      l1103 0642                      l1041 04E3  
                    l1033 04D5                      l1025 04C7                      l1201 07B3  
                    l1121 0653                      l1113 064C                      l1105 0646  
                    l1051 04F2                      l1043 04E4                      l1035 04D6  
                    l1027 04C8                      l1131 0668                      l1123 0655  
                    l1115 064F                      l1107 0649                      l1053 04F8  
                    l1045 04EA                      l1037 04DC                      l1029 04CE  
                    l1061 05B1                      l1141 0692                      l1133 067B  
                    l1125 0658                      l1117 0651                      l1109 064A  
                    l1047 04EB                      l1039 04DD                      l1071 05CA  
                    l1063 05B5                      l1055 0592                      l1151 06CA  
                    l1143 06A5                      l1207 07B8                      l1135 067F  
                    l1127 0659                      l1119 0652                      l1049 04F1  
                    l1073 05D1                      l1065 05BB                      l1057 0596  
                    l1161 06F2                      l1153 06CC                      l1145 06A8  
                    l1137 0685                      l1129 065D                      l1075 05D5  
                    l1067 05BF                      l1059 05AB                      l1171 0728  
                    l1163 06FB                      l1155 06D4                      l1147 06B0  
                    l1139 0689                      l1077 05DC                      l1069 05C6  
                    l1253 07BD                      l1181 076D                      l1173 0733  
                    l1157 06D8                      l1149 06C4                      l1079 05DE  
                    l1191 0790                      l1183 077E                      l1175 0746  
                    l1167 0707                      l1159 06DF                      l1193 0795  
                    l1177 074F                      l1169 071D                      l1195 07A3  
                    l1179 0762                      l1197 07A6                      l1189 078A  
                    l1199 07AA                      i1l71 0542                      i1l81 0591  
                    i1l89 0641          Irrigazione@power 002D                      _Stop 05E1  
                    _main 0642                      btemp 007E                      _stop 004A  
                    start 0010           ??i1_Irrigazione 0079                     ??_ISR 002A  
                   ?_Stop 0071                     ?_main 0071                     _ANSEL 0188  
                   i1l133 04B4                     i1l971 0509                     i1l981 051E  
                   i1l973 050C                     i1l965 04FA                     i1l991 0536  
                   i1l983 0524                     i1l975 0512                     i1l967 0500  
                   i1l993 0539                     i1l985 0527                     i1l977 0515  
                   i1l969 0503                     i1l995 053F                     i1l987 052D  
                   i1l979 051B                     i1l989 0530                     i1l997 0543  
                   i1l999 0547                     u50_20 0524                     u50_21 0523  
                   u51_20 052D                     u51_21 052C                     _PORTA 0005  
                   _PORTB 0006                     _PORTC 0007                     _PORTD 0008  
                   u52_20 0536                     u52_21 0535                     u53_20 053F  
                   u53_21 053E                     u46_20 0500                     u54_20 054D  
                   u46_21 04FF                     u47_20 0509                     u55_20 0562  
                   u47_21 0508                     u55_21 0561                     u48_20 0512  
                   u56_20 056C                     u48_21 0511                     u56_21 056B  
                   u49_20 051B                     u57_20 0577                     u49_21 051A  
                   u57_21 0576                     _TRISA 0085                     _TRISB 0086  
                   _TRISC 0087                     _TRISD 0088                     u58_20 0582  
                   u74_20 0614                     u90_20 04AE                     u58_21 0581  
                   u74_21 0613                     u90_21 04AD                     u59_20 058D  
                   u75_20 062E                     u59_21 058C                     u75_21 062D  
                   u92_27 0607                     u89_20 04AA                     u89_21 04A9  
                   _stato 007C                     pclath 000A                     status 0003  
                   wtemp0 007E           __initialization 07EA              __end_of_Stop 0642  
            __end_of_main 07EA             ??_Irrigazione 0035                    ??_Stop 0079  
                  ??_main 003D                    _ANSELH 0189                    i1l1001 055C  
                  i1l1011 0577                    i1l1003 0562                    i1l1021 058F  
                  i1l1013 057B                    i1l1005 0566                    i1l1015 0582  
                  i1l1007 056C                    i1l1017 0586                    i1l1009 0570  
                  i1l1019 058D                    i1l1221 04AF                    i1l1215 04A6  
                  i1l1081 05E1                    i1l1217 04AA                    i1l1083 05F2  
                  i1l1219 04AE                    i1l1093 0615                    i1l1085 05FB  
                  i1l1095 0628                    i1l1087 0601                    i1l1097 062E  
                  i1l1089 060E                    i1l1099 063F                    _INTCON 000B  
                  _OSCCON 008F       __end_of_Irrigazione 04FA        i1Irrigazione@power 0071  
                  saved_w 007E   __end_of__initialization 07FC                _Visualizza 0592  
          __pcstackCOMMON 0071              __pidataBANK0 0489       i1Visualizza@display 0071  
              __pbssBANK0 004A       i1Visualizza@lettera 0020                __pmaintext 0642  
             _Irrigazione 04BF                __pintentry 0004       Irrigazione@velocita 0031  
             ?_Visualizza 002D     __end_ofi1_Irrigazione 0543                   __ptext1 0592  
                 __ptext2 04BF                   __ptext3 04A6                   __ptext4 05E1  
                 __ptext5 0543                   __ptext6 04FA      end_of_initialization 07FC  
         Visualizza@F1429 0040             ?i1_Visualizza 0071       start_initialization 07EA  
             __end_of_ISR 04BF  i1Irrigazione@irrigazione 0077                init_fetch0 0493  
            ?_Irrigazione 002D               __pdataBANK0 0040    i1Irrigazione@direzione 0073  
          ??i1_Visualizza 0073               __pbssCOMMON 007C                 ___latbits 0002  
           __pcstackBANK0 0020              ??_Visualizza 002F      Irrigazione@direzione 002F  
      __end_of_Visualizza 05E1         interrupt_function 0004      __end_ofi1_Visualizza 0592  
   i1Irrigazione@velocita 0075             i1_Irrigazione 04FA    Irrigazione@irrigazione 0033  
              _INTCONbits 000B                  init_ram0 0497                  intlevel1 0000  
       Visualizza@display 002D            ?i1_Irrigazione 0071         Visualizza@lettera 0033  
              _OPTION_REG 0081  
