

Microchip MPLAB XC8 Assembler V3.00 build 20241204225717 
                                                                                               Sun May 11 23:24:09 2025

Microchip MPLAB XC8 C Compiler v3.00 (Free license) build 20241204225717 Og1 
     1                           	processor	16F887
     2                           	pagewidth 120
     3                           	opt	flic
     4                           	psect	idataBANK0,global,class=CODE,space=0,delta=2,noexec
     5                           	psect	cinit,global,class=CODE,space=0,merge=1,delta=2
     6                           	psect	bssBANK0,global,class=BANK0,space=1,delta=1,noexec
     7                           	psect	dataBANK0,global,class=BANK0,space=1,delta=1,noexec
     8                           	psect	inittext,global,class=CODE,space=0,delta=2
     9                           	psect	cstackCOMMON,global,class=COMMON,space=1,delta=1,noexec
    10                           	psect	cstackBANK0,global,class=BANK0,space=1,delta=1,noexec
    11                           	psect	maintext,global,class=CODE,space=0,split=1,delta=2
    12                           	psect	text1,local,class=CODE,space=0,merge=1,delta=2
    13                           	psect	text2,local,class=CODE,space=0,merge=1,delta=2
    14                           	psect	text3,local,class=CODE,space=0,merge=1,delta=2
    15                           	psect	intentry,global,class=CODE,space=0,delta=2
    16                           	psect	text4,local,class=CODE,space=0,merge=1,delta=2
    17                           	psect	text5,local,class=CODE,space=0,merge=1,delta=2
    18                           	psect	text6,local,class=CODE,space=0,merge=1,delta=2
    19                           	psect	config,global,abs,ovrld,class=CONFIG,space=4,delta=2,noexec
    20                           	dabs	1,0x7E,2
    21     0000                     
    22                           ; Generated 22/03/2023 GMT
    23                           ; 
    24                           ; Copyright © 2023, Microchip Technology Inc. and its subsidiaries ("Microchip")
    25                           ; All rights reserved.
    26                           ; 
    27                           ; This software is developed by Microchip Technology Inc. and its subsidiaries ("Microch
      +                          ip").
    28                           ; 
    29                           ; Redistribution and use in source and binary forms, with or without modification, are
    30                           ; permitted provided that the following conditions are met:
    31                           ; 
    32                           ;     1. Redistributions of source code must retain the above copyright notice, this lis
      +                          t of
    33                           ;        conditions and the following disclaimer.
    34                           ; 
    35                           ;     2. Redistributions in binary form must reproduce the above copyright notice, this 
      +                          list
    36                           ;        of conditions and the following disclaimer in the documentation and/or other
    37                           ;        materials provided with the distribution. Publication is not required when
    38                           ;        this file is used in an embedded application.
    39                           ; 
    40                           ;     3. Microchip's name may not be used to endorse or promote products derived from th
      +                          is
    41                           ;        software without specific prior written permission.
    42                           ; 
    43                           ; THIS SOFTWARE IS PROVIDED BY MICROCHIP "AS IS" AND ANY EXPRESS OR IMPLIED WARRANTIES,
    44                           ; INCLUDING, BUT NOT LIMITED TO, THE IMPLIED WARRANTIES OF MERCHANTABILITY AND FITNESS F
      +                          OR
    45                           ; PURPOSE ARE DISCLAIMED.  IN NO EVENT SHALL MICROCHIP BE LIABLE FOR ANY DIRECT, INDIREC
      +                          T,
    46                           ; INCIDENTAL, SPECIAL, EXEMPLARY, OR CONSEQUENTIAL DAMAGES (INCLUDING BUT NOT LIMITED TO
    47                           ; PROCUREMENT OF SUBSTITUTE GOODS OR SERVICES; LOSS OF USE, DATA OR PROFITS; OR BUSINESS
    48                           ; INTERRUPTION) HOWSOEVER CAUSED AND ON ANY THEORY OF LIABILITY, WHETHER IN CONTRACT, ST
      +                          RICT
    49                           ; LIABILITY, OR TORT (INCLUDING NEGLIGENCE OR OTHERWISE) ARISING IN ANY WAY OUT OF THE U
      +                          SE OF
    50                           ; THIS SOFTWARE, EVEN IF ADVISED OF THE POSSIBILITY OF SUCH DAMAGE.
    51                           ; 
    52                           ; 
    53                           ; Code-generator required, PIC16F887 Definitions
    54                           ; 
    55                           ; SFR Addresses
    56     0004                     fsr             equ	4
    57     0004                     fsr0            equ	4
    58     0000                     indf            equ	0
    59     0000                     indf0           equ	0
    60     0002                     pc              equ	2
    61     0002                     pcl             equ	2
    62     000A                     pclath          equ	10
    63     0003                     status          equ	3
    64     0000                     INDF            equ	0	;# 
    65     0001                     TMR0            equ	1	;# 
    66     0002                     PCL             equ	2	;# 
    67     0003                     STATUS          equ	3	;# 
    68     0004                     FSR             equ	4	;# 
    69     0005                     PORTA           equ	5	;# 
    70     0006                     PORTB           equ	6	;# 
    71     0007                     PORTC           equ	7	;# 
    72     0008                     PORTD           equ	8	;# 
    73     0009                     PORTE           equ	9	;# 
    74     000A                     PCLATH          equ	10	;# 
    75     000B                     INTCON          equ	11	;# 
    76     000C                     PIR1            equ	12	;# 
    77     000D                     PIR2            equ	13	;# 
    78     000E                     TMR1            equ	14	;# 
    79     000E                     TMR1L           equ	14	;# 
    80     000F                     TMR1H           equ	15	;# 
    81     0010                     T1CON           equ	16	;# 
    82     0011                     TMR2            equ	17	;# 
    83     0012                     T2CON           equ	18	;# 
    84     0013                     SSPBUF          equ	19	;# 
    85     0014                     SSPCON          equ	20	;# 
    86     0015                     CCPR1           equ	21	;# 
    87     0015                     CCPR1L          equ	21	;# 
    88     0016                     CCPR1H          equ	22	;# 
    89     0017                     CCP1CON         equ	23	;# 
    90     0018                     RCSTA           equ	24	;# 
    91     0019                     TXREG           equ	25	;# 
    92     001A                     RCREG           equ	26	;# 
    93     001B                     CCPR2           equ	27	;# 
    94     001B                     CCPR2L          equ	27	;# 
    95     001C                     CCPR2H          equ	28	;# 
    96     001D                     CCP2CON         equ	29	;# 
    97     001E                     ADRESH          equ	30	;# 
    98     001F                     ADCON0          equ	31	;# 
    99     0081                     OPTION_REG      equ	129	;# 
   100     0085                     TRISA           equ	133	;# 
   101     0086                     TRISB           equ	134	;# 
   102     0087                     TRISC           equ	135	;# 
   103     0088                     TRISD           equ	136	;# 
   104     0089                     TRISE           equ	137	;# 
   105     008C                     PIE1            equ	140	;# 
   106     008D                     PIE2            equ	141	;# 
   107     008E                     PCON            equ	142	;# 
   108     008F                     OSCCON          equ	143	;# 
   109     0090                     OSCTUNE         equ	144	;# 
   110     0091                     SSPCON2         equ	145	;# 
   111     0092                     PR2             equ	146	;# 
   112     0093                     SSPADD          equ	147	;# 
   113     0093                     SSPMSK          equ	147	;# 
   114     0093                     MSK             equ	147	;# 
   115     0094                     SSPSTAT         equ	148	;# 
   116     0095                     WPUB            equ	149	;# 
   117     0096                     IOCB            equ	150	;# 
   118     0097                     VRCON           equ	151	;# 
   119     0098                     TXSTA           equ	152	;# 
   120     0099                     SPBRG           equ	153	;# 
   121     009A                     SPBRGH          equ	154	;# 
   122     009B                     PWM1CON         equ	155	;# 
   123     009C                     ECCPAS          equ	156	;# 
   124     009D                     PSTRCON         equ	157	;# 
   125     009E                     ADRESL          equ	158	;# 
   126     009F                     ADCON1          equ	159	;# 
   127     0105                     WDTCON          equ	261	;# 
   128     0107                     CM1CON0         equ	263	;# 
   129     0108                     CM2CON0         equ	264	;# 
   130     0109                     CM2CON1         equ	265	;# 
   131     010C                     EEDATA          equ	268	;# 
   132     010C                     EEDAT           equ	268	;# 
   133     010D                     EEADR           equ	269	;# 
   134     010E                     EEDATH          equ	270	;# 
   135     010F                     EEADRH          equ	271	;# 
   136     0185                     SRCON           equ	389	;# 
   137     0187                     BAUDCTL         equ	391	;# 
   138     0188                     ANSEL           equ	392	;# 
   139     0189                     ANSELH          equ	393	;# 
   140     018C                     EECON1          equ	396	;# 
   141     018D                     EECON2          equ	397	;# 
   142     0000                     INDF            equ	0	;# 
   143     0001                     TMR0            equ	1	;# 
   144     0002                     PCL             equ	2	;# 
   145     0003                     STATUS          equ	3	;# 
   146     0004                     FSR             equ	4	;# 
   147     0005                     PORTA           equ	5	;# 
   148     0006                     PORTB           equ	6	;# 
   149     0007                     PORTC           equ	7	;# 
   150     0008                     PORTD           equ	8	;# 
   151     0009                     PORTE           equ	9	;# 
   152     000A                     PCLATH          equ	10	;# 
   153     000B                     INTCON          equ	11	;# 
   154     000C                     PIR1            equ	12	;# 
   155     000D                     PIR2            equ	13	;# 
   156     000E                     TMR1            equ	14	;# 
   157     000E                     TMR1L           equ	14	;# 
   158     000F                     TMR1H           equ	15	;# 
   159     0010                     T1CON           equ	16	;# 
   160     0011                     TMR2            equ	17	;# 
   161     0012                     T2CON           equ	18	;# 
   162     0013                     SSPBUF          equ	19	;# 
   163     0014                     SSPCON          equ	20	;# 
   164     0015                     CCPR1           equ	21	;# 
   165     0015                     CCPR1L          equ	21	;# 
   166     0016                     CCPR1H          equ	22	;# 
   167     0017                     CCP1CON         equ	23	;# 
   168     0018                     RCSTA           equ	24	;# 
   169     0019                     TXREG           equ	25	;# 
   170     001A                     RCREG           equ	26	;# 
   171     001B                     CCPR2           equ	27	;# 
   172     001B                     CCPR2L          equ	27	;# 
   173     001C                     CCPR2H          equ	28	;# 
   174     001D                     CCP2CON         equ	29	;# 
   175     001E                     ADRESH          equ	30	;# 
   176     001F                     ADCON0          equ	31	;# 
   177     0081                     OPTION_REG      equ	129	;# 
   178     0085                     TRISA           equ	133	;# 
   179     0086                     TRISB           equ	134	;# 
   180     0087                     TRISC           equ	135	;# 
   181     0088                     TRISD           equ	136	;# 
   182     0089                     TRISE           equ	137	;# 
   183     008C                     PIE1            equ	140	;# 
   184     008D                     PIE2            equ	141	;# 
   185     008E                     PCON            equ	142	;# 
   186     008F                     OSCCON          equ	143	;# 
   187     0090                     OSCTUNE         equ	144	;# 
   188     0091                     SSPCON2         equ	145	;# 
   189     0092                     PR2             equ	146	;# 
   190     0093                     SSPADD          equ	147	;# 
   191     0093                     SSPMSK          equ	147	;# 
   192     0093                     MSK             equ	147	;# 
   193     0094                     SSPSTAT         equ	148	;# 
   194     0095                     WPUB            equ	149	;# 
   195     0096                     IOCB            equ	150	;# 
   196     0097                     VRCON           equ	151	;# 
   197     0098                     TXSTA           equ	152	;# 
   198     0099                     SPBRG           equ	153	;# 
   199     009A                     SPBRGH          equ	154	;# 
   200     009B                     PWM1CON         equ	155	;# 
   201     009C                     ECCPAS          equ	156	;# 
   202     009D                     PSTRCON         equ	157	;# 
   203     009E                     ADRESL          equ	158	;# 
   204     009F                     ADCON1          equ	159	;# 
   205     0105                     WDTCON          equ	261	;# 
   206     0107                     CM1CON0         equ	263	;# 
   207     0108                     CM2CON0         equ	264	;# 
   208     0109                     CM2CON1         equ	265	;# 
   209     010C                     EEDATA          equ	268	;# 
   210     010C                     EEDAT           equ	268	;# 
   211     010D                     EEADR           equ	269	;# 
   212     010E                     EEDATH          equ	270	;# 
   213     010F                     EEADRH          equ	271	;# 
   214     0185                     SRCON           equ	389	;# 
   215     0187                     BAUDCTL         equ	391	;# 
   216     0188                     ANSEL           equ	392	;# 
   217     0189                     ANSELH          equ	393	;# 
   218     018C                     EECON1          equ	396	;# 
   219     018D                     EECON2          equ	397	;# 
   220                           
   221                           	psect	idataBANK0
   222     037E                     __pidataBANK0:
   223                           
   224                           ;initializer for Visualizza@F1429
   225     037E  343F               	retlw	63
   226     037F  3400               	retlw	0
   227     0380  3471               	retlw	113
   228     0381  3400               	retlw	0
   229     0382  3479               	retlw	121
   230     0383  3400               	retlw	0
   231     0384  3454               	retlw	84
   232     0385  3400               	retlw	0
   233     0386  3458               	retlw	88
   234     0387  3400               	retlw	0
   235     000B                     _INTCONbits     set	11
   236     000B                     _INTCON         set	11
   237     0008                     _PORTD          set	8
   238     0006                     _PORTB          set	6
   239     0005                     _PORTA          set	5
   240     0007                     _PORTC          set	7
   241     0036                     _RB6            set	54
   242     0046                     _RD6            set	70
   243     0045                     _RD5            set	69
   244     0034                     _RB4            set	52
   245     0035                     _RB5            set	53
   246     0031                     _RB1            set	49
   247     0032                     _RB2            set	50
   248     0033                     _RB3            set	51
   249     0030                     _RB0            set	48
   250     0047                     _RD7            set	71
   251     0043                     _RD3            set	67
   252     0042                     _RD2            set	66
   253     0044                     _RD4            set	68
   254     0081                     _OPTION_REG     set	129
   255     0088                     _TRISD          set	136
   256     0087                     _TRISC          set	135
   257     0086                     _TRISB          set	134
   258     0085                     _TRISA          set	133
   259     008F                     _OSCCON         set	143
   260     0189                     _ANSELH         set	393
   261     0188                     _ANSEL          set	392
   262                           
   263                           	psect	cinit
   264     0011                     start_initialization:	
   265                           ; #config settings
   266                           
   267     0011                     __initialization:
   268                           
   269                           ; Initialize objects allocated to BANK0
   270     0011  1383               	bcf	3,7	;select IRP bank0
   271     0012  3047               	movlw	low (__pdataBANK0+10)
   272     0013  00FD               	movwf	btemp+-1
   273     0014  3003               	movlw	high __pidataBANK0
   274     0015  00FE               	movwf	btemp
   275     0016  307E               	movlw	low __pidataBANK0
   276     0017  00FF               	movwf	btemp+1
   277     0018  303D               	movlw	low __pdataBANK0
   278     0019  0084               	movwf	4
   279     001A  120A  118A  236F  120A  118A  	fcall	init_ram0
   280                           
   281                           ; Clear objects allocated to BANK0
   282     001F  01C7               	clrf	__pbssBANK0& (0+127)
   283     0020  01C8               	clrf	(__pbssBANK0+1)& (0+127)
   284     0021  01C9               	clrf	(__pbssBANK0+2)& (0+127)
   285     0022  01CA               	clrf	(__pbssBANK0+3)& (0+127)
   286     0023                     end_of_initialization:	
   287                           ;End of C runtime variable initialization code
   288                           
   289     0023                     __end_of__initialization:
   290     0023  0183               	clrf	3
   291     0024  120A  118A  2827   	ljmp	_main	;jump to C main() function
   292                           
   293                           	psect	bssBANK0
   294     0047                     __pbssBANK0:
   295     0047                     _stop:
   296     0047                     	ds	2
   297     0049                     _stato:
   298     0049                     	ds	2
   299                           
   300                           	psect	dataBANK0
   301     003D                     __pdataBANK0:
   302     003D                     Visualizza@F1429:
   303     003D                     	ds	10
   304                           
   305                           	psect	inittext
   306     036B                     init_fetch0:	
   307                           ;	Called with low address in FSR and high address in W
   308                           
   309     036B  087E               	movf	btemp,w
   310     036C  008A               	movwf	10
   311     036D  087F               	movf	btemp+1,w
   312     036E  0082               	movwf	2
   313     036F                     init_ram0:	
   314                           ;Called with:
   315                           ;	high address of idata address in btemp 
   316                           ;	low address of idata address in btemp+1 
   317                           ;	low address of data in FSR
   318                           ;	high address + 1 of data in btemp-1
   319                           
   320     036F  120A  118A  236B  120A  118A  	fcall	init_fetch0
   321     0374  0080               	movwf	0
   322     0375  0A84               	incf	4,f
   323     0376  0804               	movf	4,w
   324     0377  067D               	xorwf	btemp+-1,w
   325     0378  1903               	btfsc	3,2
   326     0379  3400               	retlw	0
   327     037A  0AFF               	incf	btemp+1,f
   328     037B  1903               	btfsc	3,2
   329     037C  0AFE               	incf	btemp,f
   330     037D  2B6F               	goto	init_ram0
   331                           
   332                           	psect	cstackCOMMON
   333     0070                     __pcstackCOMMON:
   334     0070                     ?_Stop:
   335     0070                     ?_main:	
   336                           ; 1 bytes @ 0x0
   337                           
   338     0070                     ?_ISR:	
   339                           ; 1 bytes @ 0x0
   340                           
   341     0070                     ?i1_Irrigazione:	
   342                           ; 1 bytes @ 0x0
   343                           
   344     0070                     ?i1_Visualizza:	
   345                           ; 1 bytes @ 0x0
   346                           
   347     0070                     i1Irrigazione@power:	
   348                           ; 1 bytes @ 0x0
   349                           
   350     0070                     i1Visualizza@display:	
   351                           ; 2 bytes @ 0x0
   352                           
   353                           
   354                           ; 2 bytes @ 0x0
   355     0070                     	ds	2
   356     0072                     i1Irrigazione@direzione:
   357     0072                     ??i1_Visualizza:	
   358                           ; 2 bytes @ 0x2
   359                           
   360                           
   361                           ; 1 bytes @ 0x2
   362     0072                     	ds	2
   363     0074                     i1Irrigazione@velocita:
   364                           
   365                           ; 2 bytes @ 0x4
   366     0074                     	ds	2
   367     0076                     i1Irrigazione@irrigazione:
   368                           
   369                           ; 2 bytes @ 0x6
   370     0076                     	ds	2
   371     0078                     ??_Stop:
   372     0078                     ??i1_Irrigazione:	
   373                           ; 1 bytes @ 0x8
   374                           
   375                           
   376                           ; 1 bytes @ 0x8
   377     0078                     	ds	3
   378     007B                     ??_ISR:
   379                           
   380                           ; 1 bytes @ 0xB
   381     007B                     	ds	3
   382                           
   383                           	psect	cstackBANK0
   384     0020                     __pcstackBANK0:
   385     0020                     i1Visualizza@lettera:
   386                           
   387                           ; 10 bytes @ 0x0
   388     0020                     	ds	10
   389     002A                     ?_Irrigazione:
   390     002A                     ?_Visualizza:	
   391                           ; 1 bytes @ 0xA
   392                           
   393     002A                     Irrigazione@power:	
   394                           ; 1 bytes @ 0xA
   395                           
   396     002A                     Visualizza@display:	
   397                           ; 2 bytes @ 0xA
   398                           
   399                           
   400                           ; 2 bytes @ 0xA
   401     002A                     	ds	2
   402     002C                     Irrigazione@direzione:
   403     002C                     ??_Visualizza:	
   404                           ; 2 bytes @ 0xC
   405                           
   406                           
   407                           ; 1 bytes @ 0xC
   408     002C                     	ds	2
   409     002E                     Irrigazione@velocita:
   410                           
   411                           ; 2 bytes @ 0xE
   412     002E                     	ds	2
   413     0030                     Irrigazione@irrigazione:
   414     0030                     Visualizza@lettera:	
   415                           ; 2 bytes @ 0x10
   416                           
   417                           
   418                           ; 10 bytes @ 0x10
   419     0030                     	ds	2
   420     0032                     ??_Irrigazione:
   421                           
   422                           ; 1 bytes @ 0x12
   423     0032                     	ds	8
   424     003A                     ??_main:
   425                           
   426                           ; 1 bytes @ 0x1A
   427     003A                     	ds	3
   428                           
   429                           	psect	maintext
   430     0027                     __pmaintext:	
   431 ;;
   432 ;;Main: autosize = 0, tempsize = 3, incstack = 0, save=0
   433 ;;
   434 ;; *************** function _main *****************
   435 ;; Defined at:
   436 ;;		line 148 in file "main.c"
   437 ;; Parameters:    Size  Location     Type
   438 ;;		None
   439 ;; Auto vars:     Size  Location     Type
   440 ;;		None
   441 ;; Return value:  Size  Location     Type
   442 ;;                  1    wreg      void 
   443 ;; Registers used:
   444 ;;		wreg, fsr0l, fsr0h, status,2, status,0, pclath, cstack
   445 ;; Tracked objects:
   446 ;;		On entry : B00/0
   447 ;;		On exit  : 0/0
   448 ;;		Unchanged: 0/0
   449 ;; Data sizes:     COMMON   BANK0   BANK1   BANK3   BANK2
   450 ;;      Params:         0       0       0       0       0
   451 ;;      Locals:         0       0       0       0       0
   452 ;;      Temps:          0       3       0       0       0
   453 ;;      Totals:         0       3       0       0       0
   454 ;;Total ram usage:        3 bytes
   455 ;; Hardware stack levels required when called: 4
   456 ;; This function calls:
   457 ;;		_Irrigazione
   458 ;;		_Visualizza
   459 ;; This function is called by:
   460 ;;		Startup code after reset
   461 ;; This function uses a non-reentrant model
   462 ;;
   463                           
   464     0027                     _main:	
   465                           ;psect for function _main
   466                           
   467     0027                     l1105:	
   468                           ;incstack = 0
   469                           ; Regs used in _main: [wreg-fsr0h+status,2+status,0+pclath+cstack]
   470                           
   471                           
   472                           ;main.c: 150:     OSCCON |=0x60;
   473     0027  3060               	movlw	96
   474     0028  1683               	bsf	3,5	;RP0=1, select bank1
   475     0029  1303               	bcf	3,6	;RP1=0, select bank1
   476     002A  048F               	iorwf	15,f	;volatile
   477     002B                     l1107:
   478                           
   479                           ;main.c: 151:     PORTA = 0x00;
   480     002B  1283               	bcf	3,5	;RP0=0, select bank0
   481     002C  1303               	bcf	3,6	;RP1=0, select bank0
   482     002D  0185               	clrf	5	;volatile
   483     002E                     l1109:
   484                           
   485                           ;main.c: 152:     PORTB = 0x00;
   486     002E  0186               	clrf	6	;volatile
   487     002F                     l1111:
   488                           
   489                           ;main.c: 153:     PORTC = 0x00;
   490     002F  0187               	clrf	7	;volatile
   491     0030                     l1113:
   492                           
   493                           ;main.c: 154:     PORTD = 0x00;
   494     0030  0188               	clrf	8	;volatile
   495     0031                     l1115:
   496                           
   497                           ;main.c: 157:     TRISA = 0b00000000;
   498     0031  1683               	bsf	3,5	;RP0=1, select bank1
   499     0032  1303               	bcf	3,6	;RP1=0, select bank1
   500     0033  0185               	clrf	5	;volatile
   501     0034                     l1117:
   502                           
   503                           ;main.c: 158:     TRISB = 0b11111111;
   504     0034  30FF               	movlw	255
   505     0035  0086               	movwf	6	;volatile
   506     0036                     l1119:
   507                           
   508                           ;main.c: 159:     TRISC = 0b00000000;
   509     0036  0187               	clrf	7	;volatile
   510     0037                     l1121:
   511                           
   512                           ;main.c: 160:     TRISD = 0b00000000;
   513     0037  0188               	clrf	8	;volatile
   514     0038                     l1123:
   515                           
   516                           ;main.c: 162:     INTCON = 0b10010000;
   517     0038  3090               	movlw	144
   518     0039  008B               	movwf	11	;volatile
   519     003A                     l1125:
   520                           
   521                           ;main.c: 164:     ANSEL = 0x00;
   522     003A  1683               	bsf	3,5	;RP0=1, select bank3
   523     003B  1703               	bsf	3,6	;RP1=1, select bank3
   524     003C  0188               	clrf	8	;volatile
   525     003D                     l1127:
   526                           
   527                           ;main.c: 165:     ANSELH = 0x00;
   528     003D  0189               	clrf	9	;volatile
   529     003E                     l1129:
   530                           
   531                           ;main.c: 167:     OPTION_REG = 0b00000011;
   532     003E  3003               	movlw	3
   533     003F  1683               	bsf	3,5	;RP0=1, select bank1
   534     0040  1303               	bcf	3,6	;RP1=0, select bank1
   535     0041  0081               	movwf	1	;volatile
   536     0042                     l1131:
   537                           
   538                           ;main.c: 172:     Visualizza(4);
   539     0042  3004               	movlw	4
   540     0043  1283               	bcf	3,5	;RP0=0, select bank0
   541     0044  1303               	bcf	3,6	;RP1=0, select bank0
   542     0045  00AA               	movwf	Visualizza@display
   543     0046  3000               	movlw	0
   544     0047  00AB               	movwf	Visualizza@display+1
   545     0048  120A  118A  2232  120A  118A  	fcall	_Visualizza
   546     004D                     l1133:
   547                           
   548                           ;main.c: 173:     Irrigazione(0, 0, 0, 0);
   549     004D  3000               	movlw	0
   550     004E  1283               	bcf	3,5	;RP0=0, select bank0
   551     004F  1303               	bcf	3,6	;RP1=0, select bank0
   552     0050  00AA               	movwf	Irrigazione@power
   553     0051  00AB               	movwf	Irrigazione@power+1
   554     0052  3000               	movlw	0
   555     0053  00AC               	movwf	Irrigazione@direzione
   556     0054  00AD               	movwf	Irrigazione@direzione+1
   557     0055  3000               	movlw	0
   558     0056  00AE               	movwf	Irrigazione@velocita
   559     0057  00AF               	movwf	Irrigazione@velocita+1
   560     0058  3000               	movlw	0
   561     0059  00B0               	movwf	Irrigazione@irrigazione
   562     005A  00B1               	movwf	Irrigazione@irrigazione+1
   563     005B  120A  118A  2319  120A  118A  	fcall	_Irrigazione
   564     0060                     l1135:
   565                           
   566                           ;main.c: 174:     stop =0;
   567     0060  1283               	bcf	3,5	;RP0=0, select bank0
   568     0061  1303               	bcf	3,6	;RP1=0, select bank0
   569     0062  01C7               	clrf	_stop
   570     0063  01C8               	clrf	_stop+1
   571     0064                     l1137:
   572                           
   573                           ;main.c: 177:     {;main.c: 178:          if (RB3 == 0 && RB2 == 0)
   574     0064  1986               	btfsc	6,3	;volatile
   575     0065  2867               	goto	u771
   576     0066  2868               	goto	u770
   577     0067                     u771:
   578     0067  299D               	goto	l1211
   579     0068                     u770:
   580     0068                     l1139:
   581     0068  1906               	btfsc	6,2	;volatile
   582     0069  286B               	goto	u781
   583     006A  286C               	goto	u780
   584     006B                     u781:
   585     006B  299D               	goto	l1211
   586     006C                     u780:
   587     006C                     l1141:
   588                           
   589                           ;main.c: 179:         {;main.c: 180:             Visualizza(2);
   590     006C  3002               	movlw	2
   591     006D  00AA               	movwf	Visualizza@display
   592     006E  3000               	movlw	0
   593     006F  00AB               	movwf	Visualizza@display+1
   594     0070  120A  118A  2232  120A  118A  	fcall	_Visualizza
   595     0075                     l1143:
   596                           
   597                           ;main.c: 181:             Irrigazione(0, 0, 0, 0);
   598     0075  3000               	movlw	0
   599     0076  1283               	bcf	3,5	;RP0=0, select bank0
   600     0077  1303               	bcf	3,6	;RP1=0, select bank0
   601     0078  00AA               	movwf	Irrigazione@power
   602     0079  00AB               	movwf	Irrigazione@power+1
   603     007A  3000               	movlw	0
   604     007B  00AC               	movwf	Irrigazione@direzione
   605     007C  00AD               	movwf	Irrigazione@direzione+1
   606     007D  3000               	movlw	0
   607     007E  00AE               	movwf	Irrigazione@velocita
   608     007F  00AF               	movwf	Irrigazione@velocita+1
   609     0080  3000               	movlw	0
   610     0081  00B0               	movwf	Irrigazione@irrigazione
   611     0082  00B1               	movwf	Irrigazione@irrigazione+1
   612     0083  120A  118A  2319  120A  118A  	fcall	_Irrigazione
   613     0088                     l1145:
   614                           
   615                           ;main.c: 182:             stato=0;
   616     0088  1283               	bcf	3,5	;RP0=0, select bank0
   617     0089  1303               	bcf	3,6	;RP1=0, select bank0
   618     008A  01C9               	clrf	_stato
   619     008B  01CA               	clrf	_stato+1
   620     008C  299D               	goto	l1211
   621     008D                     l1147:
   622                           
   623                           ;main.c: 188:                 if(stop==1)Visualizza(1);
   624     008D  0347               	decf	_stop,w
   625     008E  0448               	iorwf	_stop+1,w
   626     008F  1D03               	btfss	3,2
   627     0090  2892               	goto	u791
   628     0091  2893               	goto	u790
   629     0092                     u791:
   630     0092  289C               	goto	l98
   631     0093                     u790:
   632     0093                     l1149:
   633     0093  3001               	movlw	1
   634     0094  00AA               	movwf	Visualizza@display
   635     0095  3000               	movlw	0
   636     0096  00AB               	movwf	Visualizza@display+1
   637     0097  120A  118A  2232  120A  118A  	fcall	_Visualizza
   638     009C                     l98:
   639                           
   640                           ;main.c: 189:                 Visualizza(4);
   641     009C  3004               	movlw	4
   642     009D  1283               	bcf	3,5	;RP0=0, select bank0
   643     009E  1303               	bcf	3,6	;RP1=0, select bank0
   644     009F  00AA               	movwf	Visualizza@display
   645     00A0  3000               	movlw	0
   646     00A1  00AB               	movwf	Visualizza@display+1
   647     00A2  120A  118A  2232  120A  118A  	fcall	_Visualizza
   648     00A7                     l1151:
   649                           
   650                           ;main.c: 190:                 if(RB1 == 0)
   651     00A7  1283               	bcf	3,5	;RP0=0, select bank0
   652     00A8  1303               	bcf	3,6	;RP1=0, select bank0
   653     00A9  1886               	btfsc	6,1	;volatile
   654     00AA  28AC               	goto	u801
   655     00AB  28AD               	goto	u800
   656     00AC                     u801:
   657     00AC  28BD               	goto	l1159
   658     00AD                     u800:
   659     00AD                     l1153:
   660                           
   661                           ;main.c: 191:                 {;main.c: 192:                     stop=0;
   662     00AD  01C7               	clrf	_stop
   663     00AE  01C8               	clrf	_stop+1
   664     00AF                     l1155:
   665                           
   666                           ;main.c: 193:                     Visualizza(0);
   667     00AF  3000               	movlw	0
   668     00B0  00AA               	movwf	Visualizza@display
   669     00B1  00AB               	movwf	Visualizza@display+1
   670     00B2  120A  118A  2232  120A  118A  	fcall	_Visualizza
   671     00B7                     l1157:
   672                           
   673                           ;main.c: 194:                     stato=1;
   674     00B7  3001               	movlw	1
   675     00B8  1283               	bcf	3,5	;RP0=0, select bank0
   676     00B9  1303               	bcf	3,6	;RP1=0, select bank0
   677     00BA  00C9               	movwf	_stato
   678     00BB  3000               	movlw	0
   679     00BC  00CA               	movwf	_stato+1
   680     00BD                     l1159:
   681                           
   682                           ;main.c: 197:                 if (RB5 ==1)
   683     00BD  1E86               	btfss	6,5	;volatile
   684     00BE  28C0               	goto	u811
   685     00BF  28C1               	goto	u810
   686     00C0                     u811:
   687     00C0  2864               	goto	l1137
   688     00C1                     u810:
   689     00C1                     l1161:
   690                           
   691                           ;main.c: 198:                 {;main.c: 199:                     stato=10;
   692     00C1  300A               	movlw	10
   693     00C2  00C9               	movwf	_stato
   694     00C3  3000               	movlw	0
   695     00C4  00CA               	movwf	_stato+1
   696     00C5  2864               	goto	l1137
   697     00C6                     l102:	
   698                           ;main.c: 203:             case 1:
   699                           
   700                           
   701                           ;main.c: 204:                 if(RB3==1)
   702     00C6  1D86               	btfss	6,3	;volatile
   703     00C7  28C9               	goto	u821
   704     00C8  28CA               	goto	u820
   705     00C9                     u821:
   706     00C9  28E4               	goto	l103
   707     00CA                     u820:
   708     00CA                     l1163:
   709                           
   710                           ;main.c: 205:                 {;main.c: 206:                     Irrigazione(1, 0, 1, 0)
      +                          ;
   711     00CA  3001               	movlw	1
   712     00CB  00AA               	movwf	Irrigazione@power
   713     00CC  3000               	movlw	0
   714     00CD  00AB               	movwf	Irrigazione@power+1
   715     00CE  3000               	movlw	0
   716     00CF  00AC               	movwf	Irrigazione@direzione
   717     00D0  00AD               	movwf	Irrigazione@direzione+1
   718     00D1  3001               	movlw	1
   719     00D2  00AE               	movwf	Irrigazione@velocita
   720     00D3  3000               	movlw	0
   721     00D4  00AF               	movwf	Irrigazione@velocita+1
   722     00D5  3000               	movlw	0
   723     00D6  00B0               	movwf	Irrigazione@irrigazione
   724     00D7  00B1               	movwf	Irrigazione@irrigazione+1
   725     00D8  120A  118A  2319  120A  118A  	fcall	_Irrigazione
   726     00DD                     l1165:
   727                           
   728                           ;main.c: 207:                     stato=2;
   729     00DD  3002               	movlw	2
   730     00DE  1283               	bcf	3,5	;RP0=0, select bank0
   731     00DF  1303               	bcf	3,6	;RP1=0, select bank0
   732     00E0  00C9               	movwf	_stato
   733     00E1  3000               	movlw	0
   734     00E2  00CA               	movwf	_stato+1
   735                           
   736                           ;main.c: 208:                 }
   737     00E3  2864               	goto	l1137
   738     00E4                     l103:	
   739                           ;main.c: 209:                 else if(RB3==0)stato=3;
   740                           
   741     00E4  1986               	btfsc	6,3	;volatile
   742     00E5  28E7               	goto	u831
   743     00E6  28E8               	goto	u830
   744     00E7                     u831:
   745     00E7  29CB               	goto	l101
   746     00E8                     u830:
   747     00E8                     l1167:
   748     00E8  3003               	movlw	3
   749     00E9  00C9               	movwf	_stato
   750     00EA  3000               	movlw	0
   751     00EB  00CA               	movwf	_stato+1
   752     00EC  2864               	goto	l1137
   753     00ED                     l106:	
   754                           ;main.c: 212:             case 2:
   755                           
   756                           
   757                           ;main.c: 213:                 if(RB3==0)stato=3;
   758     00ED  1986               	btfsc	6,3	;volatile
   759     00EE  28F0               	goto	u841
   760     00EF  28F1               	goto	u840
   761     00F0                     u841:
   762     00F0  2864               	goto	l1137
   763     00F1                     u840:
   764     00F1  28E8               	goto	l1167
   765     00F2                     l1171:
   766                           
   767                           ;main.c: 217:                 Irrigazione(1, 1, 0, 1);
   768     00F2  3001               	movlw	1
   769     00F3  00AA               	movwf	Irrigazione@power
   770     00F4  3000               	movlw	0
   771     00F5  00AB               	movwf	Irrigazione@power+1
   772     00F6  3001               	movlw	1
   773     00F7  00AC               	movwf	Irrigazione@direzione
   774     00F8  3000               	movlw	0
   775     00F9  00AD               	movwf	Irrigazione@direzione+1
   776     00FA  3000               	movlw	0
   777     00FB  00AE               	movwf	Irrigazione@velocita
   778     00FC  00AF               	movwf	Irrigazione@velocita+1
   779     00FD  3001               	movlw	1
   780     00FE  00B0               	movwf	Irrigazione@irrigazione
   781     00FF  3000               	movlw	0
   782     0100  00B1               	movwf	Irrigazione@irrigazione+1
   783     0101  120A  118A  2319  120A  118A  	fcall	_Irrigazione
   784     0106                     l1173:
   785                           
   786                           ;main.c: 218:                 stato=4;
   787     0106  3004               	movlw	4
   788     0107  1283               	bcf	3,5	;RP0=0, select bank0
   789     0108  1303               	bcf	3,6	;RP1=0, select bank0
   790     0109  00C9               	movwf	_stato
   791     010A  3000               	movlw	0
   792     010B  00CA               	movwf	_stato+1
   793                           
   794                           ;main.c: 219:                 break;
   795     010C  2864               	goto	l1137
   796     010D                     l109:	
   797                           ;main.c: 221:             case 4:
   798                           
   799                           
   800                           ;main.c: 222:                 if (RB2==0) stato=5;
   801     010D  1906               	btfsc	6,2	;volatile
   802     010E  2910               	goto	u851
   803     010F  2911               	goto	u850
   804     0110                     u851:
   805     0110  2864               	goto	l1137
   806     0111                     u850:
   807     0111                     l1175:
   808     0111  3005               	movlw	5
   809     0112  00C9               	movwf	_stato
   810     0113  3000               	movlw	0
   811     0114  00CA               	movwf	_stato+1
   812     0115  2864               	goto	l1137
   813     0116                     l111:	
   814                           ;main.c: 225:             case 5:
   815                           
   816                           
   817                           ;main.c: 226:                 if (RB4==0)
   818     0116  1A06               	btfsc	6,4	;volatile
   819     0117  2919               	goto	u861
   820     0118  291A               	goto	u860
   821     0119                     u861:
   822     0119  2934               	goto	l112
   823     011A                     u860:
   824     011A                     l1177:
   825                           
   826                           ;main.c: 227:                 {;main.c: 228:                     Irrigazione(1, 0, 1, 0)
      +                          ;
   827     011A  3001               	movlw	1
   828     011B  00AA               	movwf	Irrigazione@power
   829     011C  3000               	movlw	0
   830     011D  00AB               	movwf	Irrigazione@power+1
   831     011E  3000               	movlw	0
   832     011F  00AC               	movwf	Irrigazione@direzione
   833     0120  00AD               	movwf	Irrigazione@direzione+1
   834     0121  3001               	movlw	1
   835     0122  00AE               	movwf	Irrigazione@velocita
   836     0123  3000               	movlw	0
   837     0124  00AF               	movwf	Irrigazione@velocita+1
   838     0125  3000               	movlw	0
   839     0126  00B0               	movwf	Irrigazione@irrigazione
   840     0127  00B1               	movwf	Irrigazione@irrigazione+1
   841     0128  120A  118A  2319  120A  118A  	fcall	_Irrigazione
   842     012D                     l1179:
   843                           
   844                           ;main.c: 229:                     stato=6;
   845     012D  3006               	movlw	6
   846     012E  1283               	bcf	3,5	;RP0=0, select bank0
   847     012F  1303               	bcf	3,6	;RP1=0, select bank0
   848     0130  00C9               	movwf	_stato
   849     0131  3000               	movlw	0
   850     0132  00CA               	movwf	_stato+1
   851                           
   852                           ;main.c: 230:                 }
   853     0133  2864               	goto	l1137
   854     0134                     l112:	
   855                           ;main.c: 231:                 else if (RB4==1)
   856                           
   857     0134  1E06               	btfss	6,4	;volatile
   858     0135  2937               	goto	u871
   859     0136  2938               	goto	u870
   860     0137                     u871:
   861     0137  29CB               	goto	l101
   862     0138                     u870:
   863     0138                     l1181:
   864                           
   865                           ;main.c: 232:                 {;main.c: 233:                     Irrigazione(1,0, 0, 1);
   866     0138  3001               	movlw	1
   867     0139  00AA               	movwf	Irrigazione@power
   868     013A  3000               	movlw	0
   869     013B  00AB               	movwf	Irrigazione@power+1
   870     013C  3000               	movlw	0
   871     013D  00AC               	movwf	Irrigazione@direzione
   872     013E  00AD               	movwf	Irrigazione@direzione+1
   873     013F  3000               	movlw	0
   874     0140  00AE               	movwf	Irrigazione@velocita
   875     0141  00AF               	movwf	Irrigazione@velocita+1
   876     0142  3001               	movlw	1
   877     0143  00B0               	movwf	Irrigazione@irrigazione
   878     0144  3000               	movlw	0
   879     0145  00B1               	movwf	Irrigazione@irrigazione+1
   880     0146  120A  118A  2319  120A  118A  	fcall	_Irrigazione
   881     014B                     l1183:
   882                           
   883                           ;main.c: 234:                     stato=7;
   884     014B  3007               	movlw	7
   885     014C  1283               	bcf	3,5	;RP0=0, select bank0
   886     014D  1303               	bcf	3,6	;RP1=0, select bank0
   887     014E  00C9               	movwf	_stato
   888     014F  3000               	movlw	0
   889     0150  00CA               	movwf	_stato+1
   890     0151  2864               	goto	l1137
   891     0152                     l115:	
   892                           ;main.c: 238:             case 6:
   893                           
   894                           
   895                           ;main.c: 239:                 if (RB3==0)
   896     0152  1986               	btfsc	6,3	;volatile
   897     0153  2955               	goto	u881
   898     0154  2956               	goto	u880
   899     0155                     u881:
   900     0155  2864               	goto	l1137
   901     0156                     u880:
   902     0156                     l1185:
   903                           
   904                           ;main.c: 240:                 {;main.c: 241:                     Irrigazione(0,0, 0, 0);
   905     0156  3000               	movlw	0
   906     0157  00AA               	movwf	Irrigazione@power
   907     0158  00AB               	movwf	Irrigazione@power+1
   908     0159  3000               	movlw	0
   909     015A  00AC               	movwf	Irrigazione@direzione
   910     015B  00AD               	movwf	Irrigazione@direzione+1
   911     015C  3000               	movlw	0
   912     015D  00AE               	movwf	Irrigazione@velocita
   913     015E  00AF               	movwf	Irrigazione@velocita+1
   914     015F  3000               	movlw	0
   915     0160  00B0               	movwf	Irrigazione@irrigazione
   916     0161  00B1               	movwf	Irrigazione@irrigazione+1
   917     0162  120A  118A  2319  120A  118A  	fcall	_Irrigazione
   918     0167                     l1187:
   919                           
   920                           ;main.c: 242:                     stato=8;
   921     0167  3008               	movlw	8
   922     0168  1283               	bcf	3,5	;RP0=0, select bank0
   923     0169  1303               	bcf	3,6	;RP1=0, select bank0
   924     016A  00C9               	movwf	_stato
   925     016B  3000               	movlw	0
   926     016C  00CA               	movwf	_stato+1
   927     016D  2864               	goto	l1137
   928     016E                     l117:	
   929                           ;main.c: 246:             case 7:
   930                           
   931                           
   932                           ;main.c: 247:                 if (RB3==0)
   933     016E  1986               	btfsc	6,3	;volatile
   934     016F  2971               	goto	u891
   935     0170  2972               	goto	u890
   936     0171                     u891:
   937     0171  2864               	goto	l1137
   938     0172                     u890:
   939     0172  2956               	goto	l1185
   940     0173                     l1193:
   941                           
   942                           ;main.c: 255:                 stato=0;
   943     0173  01C9               	clrf	_stato
   944     0174  01CA               	clrf	_stato+1
   945                           
   946                           ;main.c: 256:                 break;
   947     0175  2864               	goto	l1137
   948     0176                     l120:	
   949                           ;main.c: 258:             case 10:
   950                           
   951                           
   952                           ;main.c: 259:                 RD5 = 1;
   953     0176  1688               	bsf	8,5	;volatile
   954     0177                     l1195:
   955                           
   956                           ;main.c: 260:                 stato=20;
   957     0177  3014               	movlw	20
   958     0178  00C9               	movwf	_stato
   959     0179  3000               	movlw	0
   960     017A  00CA               	movwf	_stato+1
   961                           
   962                           ;main.c: 261:                 break;
   963     017B  2864               	goto	l1137
   964     017C                     l1197:
   965                           
   966                           ;main.c: 264:                 _delay((unsigned long)((3000)*(4000000/4000.0)));
   967     017C  3010               	movlw	16
   968     017D  1283               	bcf	3,5	;RP0=0, select bank0
   969     017E  1303               	bcf	3,6	;RP1=0, select bank0
   970     017F  00BC               	movwf	??_main+2
   971     0180  3039               	movlw	57
   972     0181  00BB               	movwf	??_main+1
   973     0182  300D               	movlw	13
   974     0183  00BA               	movwf	??_main
   975     0184                     u937:
   976     0184  0BBA               	decfsz	??_main,f
   977     0185  2984               	goto	u937
   978     0186  0BBB               	decfsz	??_main+1,f
   979     0187  2984               	goto	u937
   980     0188  0BBC               	decfsz	??_main+2,f
   981     0189  2984               	goto	u937
   982     018A                     l1199:
   983                           
   984                           ;main.c: 265:                 RD6 = 1;
   985     018A  1283               	bcf	3,5	;RP0=0, select bank0
   986     018B  1303               	bcf	3,6	;RP1=0, select bank0
   987     018C  1708               	bsf	8,6	;volatile
   988     018D                     l1201:
   989                           
   990                           ;main.c: 266:                 if (RB6 == 1)
   991     018D  1F06               	btfss	6,6	;volatile
   992     018E  2990               	goto	u901
   993     018F  2991               	goto	u900
   994     0190                     u901:
   995     0190  2864               	goto	l1137
   996     0191                     u900:
   997     0191                     l1203:
   998                           
   999                           ;main.c: 267:                 {;main.c: 268:                     stato=30;
  1000     0191  301E               	movlw	30
  1001     0192  00C9               	movwf	_stato
  1002     0193  3000               	movlw	0
  1003     0194  00CA               	movwf	_stato+1
  1004     0195  2864               	goto	l1137
  1005     0196                     l123:	
  1006                           ;main.c: 272:             case 30:
  1007                           
  1008                           
  1009                           ;main.c: 273:                     RD6 = 0;
  1010     0196  1308               	bcf	8,6	;volatile
  1011                           
  1012                           ;main.c: 274:                     RD5 = 0;
  1013     0197  1288               	bcf	8,5	;volatile
  1014     0198                     l1205:
  1015                           
  1016                           ;main.c: 275:                     stato=40;
  1017     0198  3028               	movlw	40
  1018     0199  00C9               	movwf	_stato
  1019     019A  3000               	movlw	0
  1020     019B  00CA               	movwf	_stato+1
  1021     019C  2973               	goto	l1193
  1022     019D                     l1211:
  1023                           
  1024                           ; Switch on 2 bytes has been partitioned into a top level switch of size 1, and 1 sub-sw
      +                          itches
  1025                           ; Switch size 1, requested type "simple"
  1026                           ; Number of cases is 1, Range of values is 0 to 0
  1027                           ; switch strategies available:
  1028                           ; Name         Instructions Cycles
  1029                           ; simple_byte            4     3 (average)
  1030                           ; direct_byte           11     8 (fixed)
  1031                           ; jumptable            260     6 (fixed)
  1032                           ;	Chosen strategy is simple_byte
  1033     019D  084A               	movf	_stato+1,w
  1034     019E  3A00               	xorlw	0	; case 0
  1035     019F  1903               	skipnz
  1036     01A0  29A2               	goto	l1257
  1037     01A1  2864               	goto	l1137
  1038     01A2                     l1257:
  1039                           
  1040                           ; Switch size 1, requested type "simple"
  1041                           ; Number of cases is 13, Range of values is 0 to 40
  1042                           ; switch strategies available:
  1043                           ; Name         Instructions Cycles
  1044                           ; simple_byte           40    21 (average)
  1045                           ; direct_byte          131     8 (fixed)
  1046                           ; jumptable            260     6 (fixed)
  1047                           ;	Chosen strategy is simple_byte
  1048     01A2  0849               	movf	_stato,w
  1049     01A3  3A00               	xorlw	0	; case 0
  1050     01A4  1903               	skipnz
  1051     01A5  288D               	goto	l1147
  1052     01A6  3A01               	xorlw	1	; case 1
  1053     01A7  1903               	skipnz
  1054     01A8  28C6               	goto	l102
  1055     01A9  3A03               	xorlw	3	; case 2
  1056     01AA  1903               	skipnz
  1057     01AB  28ED               	goto	l106
  1058     01AC  3A01               	xorlw	1	; case 3
  1059     01AD  1903               	skipnz
  1060     01AE  28F2               	goto	l1171
  1061     01AF  3A07               	xorlw	7	; case 4
  1062     01B0  1903               	skipnz
  1063     01B1  290D               	goto	l109
  1064     01B2  3A01               	xorlw	1	; case 5
  1065     01B3  1903               	skipnz
  1066     01B4  2916               	goto	l111
  1067     01B5  3A03               	xorlw	3	; case 6
  1068     01B6  1903               	skipnz
  1069     01B7  2952               	goto	l115
  1070     01B8  3A01               	xorlw	1	; case 7
  1071     01B9  1903               	skipnz
  1072     01BA  296E               	goto	l117
  1073     01BB  3A0F               	xorlw	15	; case 8
  1074     01BC  1903               	skipnz
  1075     01BD  2973               	goto	l1193
  1076     01BE  3A02               	xorlw	2	; case 10
  1077     01BF  1903               	skipnz
  1078     01C0  2976               	goto	l120
  1079     01C1  3A1E               	xorlw	30	; case 20
  1080     01C2  1903               	skipnz
  1081     01C3  297C               	goto	l1197
  1082     01C4  3A0A               	xorlw	10	; case 30
  1083     01C5  1903               	skipnz
  1084     01C6  2996               	goto	l123
  1085     01C7  3A36               	xorlw	54	; case 40
  1086     01C8  1903               	skipnz
  1087     01C9  2973               	goto	l1193
  1088     01CA  2864               	goto	l1137
  1089     01CB                     l101:
  1090     01CB  2864               	goto	l1137
  1091     01CC  120A  118A  280E   	ljmp	start
  1092     01CF                     __end_of_main:
  1093                           
  1094                           	psect	text1
  1095     0232                     __ptext1:	
  1096 ;; *************** function _Visualizza *****************
  1097 ;; Defined at:
  1098 ;;		line 93 in file "main.c"
  1099 ;; Parameters:    Size  Location     Type
  1100 ;;  display         2   10[BANK0 ] int 
  1101 ;; Auto vars:     Size  Location     Type
  1102 ;;  lettera        10   16[BANK0 ] unsigned int [5]
  1103 ;; Return value:  Size  Location     Type
  1104 ;;                  1    wreg      void 
  1105 ;; Registers used:
  1106 ;;		wreg, fsr0l, fsr0h, status,2, status,0
  1107 ;; Tracked objects:
  1108 ;;		On entry : 0/0
  1109 ;;		On exit  : 0/0
  1110 ;;		Unchanged: 0/0
  1111 ;; Data sizes:     COMMON   BANK0   BANK1   BANK3   BANK2
  1112 ;;      Params:         0       2       0       0       0
  1113 ;;      Locals:         0      10       0       0       0
  1114 ;;      Temps:          0       4       0       0       0
  1115 ;;      Totals:         0      16       0       0       0
  1116 ;;Total ram usage:       16 bytes
  1117 ;; Hardware stack levels used: 1
  1118 ;; Hardware stack levels required when called: 3
  1119 ;; This function calls:
  1120 ;;		Nothing
  1121 ;; This function is called by:
  1122 ;;		_main
  1123 ;; This function uses a non-reentrant model
  1124 ;;
  1125                           
  1126     0232                     _Visualizza:	
  1127                           ;psect for function _Visualizza
  1128                           
  1129     0232                     l1057:	
  1130                           ;incstack = 0
  1131                           ; Regs used in _Visualizza: [wreg-fsr0h+status,2+status,0]
  1132                           
  1133                           
  1134                           ;main.c: 93: void Visualizza (int display);main.c: 94: {;main.c: 95:     PORTC =0b111111
      +                          11;
  1135     0232  30FF               	movlw	255
  1136     0233  1283               	bcf	3,5	;RP0=0, select bank0
  1137     0234  1303               	bcf	3,6	;RP1=0, select bank0
  1138     0235  0087               	movwf	7	;volatile
  1139     0236                     l1059:
  1140                           
  1141                           ;main.c: 96:     unsigned int lettera[5] = {0b00111111, 0b01110001, 0b01111001, 0b010101
      +                          00, 0b01011000};
  1142     0236  303D               	movlw	Visualizza@F1429& (0+255)
  1143     0237  0084               	movwf	4
  1144     0238  3030               	movlw	low Visualizza@lettera
  1145     0239  00AC               	movwf	??_Visualizza
  1146     023A  300A               	movlw	10
  1147     023B  00AD               	movwf	??_Visualizza+1
  1148     023C                     u690:
  1149     023C  1383               	bcf	3,7	;select IRP bank0
  1150     023D  0800               	movf	0,w
  1151     023E  00AE               	movwf	??_Visualizza+2
  1152     023F  0A04               	incf	4,w
  1153     0240  00AF               	movwf	??_Visualizza+3
  1154     0241  082C               	movf	??_Visualizza,w
  1155     0242  0084               	movwf	4
  1156     0243  082E               	movf	??_Visualizza+2,w
  1157     0244  0080               	movwf	0
  1158     0245  0A04               	incf	4,w
  1159     0246  00AC               	movwf	??_Visualizza
  1160     0247  082F               	movf	??_Visualizza+3,w
  1161     0248  0084               	movwf	4
  1162     0249  0BAD               	decfsz	??_Visualizza+1,f
  1163     024A  2A3C               	goto	u690
  1164     024B                     l1061:
  1165                           
  1166                           ;main.c: 98:     if(display == 1 )
  1167     024B  032A               	decf	Visualizza@display,w
  1168     024C  042B               	iorwf	Visualizza@display+1,w
  1169     024D  1D03               	btfss	3,2
  1170     024E  2A50               	goto	u701
  1171     024F  2A51               	goto	u700
  1172     0250                     u701:
  1173     0250  2A55               	goto	l1065
  1174     0251                     u700:
  1175     0251                     l1063:
  1176                           
  1177                           ;main.c: 99:     {;main.c: 100:         PORTC = lettera[0];
  1178     0251  0830               	movf	Visualizza@lettera,w
  1179     0252  0087               	movwf	7	;volatile
  1180                           
  1181                           ;main.c: 101:         PORTA = lettera[1];
  1182     0253  0832               	movf	Visualizza@lettera+2,w
  1183     0254  0085               	movwf	5	;volatile
  1184     0255                     l1065:
  1185                           
  1186                           ;main.c: 104:     if(display == 0 )
  1187     0255  082A               	movf	Visualizza@display,w
  1188     0256  042B               	iorwf	Visualizza@display+1,w
  1189     0257  1D03               	btfss	3,2
  1190     0258  2A5A               	goto	u711
  1191     0259  2A5B               	goto	u710
  1192     025A                     u711:
  1193     025A  2A5F               	goto	l1069
  1194     025B                     u710:
  1195     025B                     l1067:
  1196                           
  1197                           ;main.c: 105:     {;main.c: 106:         PORTC = lettera[0];
  1198     025B  0830               	movf	Visualizza@lettera,w
  1199     025C  0087               	movwf	7	;volatile
  1200                           
  1201                           ;main.c: 107:         PORTA = lettera[3];
  1202     025D  0836               	movf	Visualizza@lettera+6,w
  1203     025E  0085               	movwf	5	;volatile
  1204     025F                     l1069:
  1205                           
  1206                           ;main.c: 110:     if(display == 2 )
  1207     025F  3002               	movlw	2
  1208     0260  062A               	xorwf	Visualizza@display,w
  1209     0261  042B               	iorwf	Visualizza@display+1,w
  1210     0262  1D03               	btfss	3,2
  1211     0263  2A65               	goto	u721
  1212     0264  2A66               	goto	u720
  1213     0265                     u721:
  1214     0265  2A6A               	goto	l1073
  1215     0266                     u720:
  1216     0266                     l1071:
  1217                           
  1218                           ;main.c: 111:     {;main.c: 112:         PORTC =lettera[1];
  1219     0266  0832               	movf	Visualizza@lettera+2,w
  1220     0267  0087               	movwf	7	;volatile
  1221                           
  1222                           ;main.c: 113:         PORTA =lettera[4];
  1223     0268  0838               	movf	Visualizza@lettera+8,w
  1224     0269  0085               	movwf	5	;volatile
  1225     026A                     l1073:
  1226                           
  1227                           ;main.c: 116:     if(display == 3 )
  1228     026A  3003               	movlw	3
  1229     026B  062A               	xorwf	Visualizza@display,w
  1230     026C  042B               	iorwf	Visualizza@display+1,w
  1231     026D  1D03               	btfss	3,2
  1232     026E  2A70               	goto	u731
  1233     026F  2A71               	goto	u730
  1234     0270                     u731:
  1235     0270  2A75               	goto	l1077
  1236     0271                     u730:
  1237     0271                     l1075:
  1238                           
  1239                           ;main.c: 117:     {;main.c: 118:         PORTC = lettera[2];
  1240     0271  0834               	movf	Visualizza@lettera+4,w
  1241     0272  0087               	movwf	7	;volatile
  1242                           
  1243                           ;main.c: 119:         PORTA = lettera[3];
  1244     0273  0836               	movf	Visualizza@lettera+6,w
  1245     0274  0085               	movwf	5	;volatile
  1246     0275                     l1077:
  1247                           
  1248                           ;main.c: 122:     if(display == 4 )
  1249     0275  3004               	movlw	4
  1250     0276  062A               	xorwf	Visualizza@display,w
  1251     0277  042B               	iorwf	Visualizza@display+1,w
  1252     0278  1D03               	btfss	3,2
  1253     0279  2A7B               	goto	u741
  1254     027A  2A7C               	goto	u740
  1255     027B                     u741:
  1256     027B  2A80               	goto	l81
  1257     027C                     u740:
  1258     027C                     l1079:
  1259                           
  1260                           ;main.c: 123:     {;main.c: 124:         PORTC = 0b00111111;
  1261     027C  303F               	movlw	63
  1262     027D  0087               	movwf	7	;volatile
  1263     027E                     l1081:
  1264                           
  1265                           ;main.c: 125:         PORTA = lettera[0];
  1266     027E  0830               	movf	Visualizza@lettera,w
  1267     027F  0085               	movwf	5	;volatile
  1268     0280                     l81:
  1269     0280  0008               	return
  1270     0281                     __end_of_Visualizza:
  1271                           
  1272                           	psect	text2
  1273     0319                     __ptext2:	
  1274 ;; *************** function _Irrigazione *****************
  1275 ;; Defined at:
  1276 ;;		line 74 in file "main.c"
  1277 ;; Parameters:    Size  Location     Type
  1278 ;;  power           2   10[BANK0 ] int 
  1279 ;;  direzione       2   12[BANK0 ] int 
  1280 ;;  velocita        2   14[BANK0 ] int 
  1281 ;;  irrigazione     2   16[BANK0 ] int 
  1282 ;; Auto vars:     Size  Location     Type
  1283 ;;		None
  1284 ;; Return value:  Size  Location     Type
  1285 ;;                  1    wreg      void 
  1286 ;; Registers used:
  1287 ;;		wreg, status,2, status,0
  1288 ;; Tracked objects:
  1289 ;;		On entry : 0/0
  1290 ;;		On exit  : 0/0
  1291 ;;		Unchanged: 0/0
  1292 ;; Data sizes:     COMMON   BANK0   BANK1   BANK3   BANK2
  1293 ;;      Params:         0       8       0       0       0
  1294 ;;      Locals:         0       0       0       0       0
  1295 ;;      Temps:          0       0       0       0       0
  1296 ;;      Totals:         0       8       0       0       0
  1297 ;;Total ram usage:        8 bytes
  1298 ;; Hardware stack levels used: 1
  1299 ;; Hardware stack levels required when called: 3
  1300 ;; This function calls:
  1301 ;;		Nothing
  1302 ;; This function is called by:
  1303 ;;		_main
  1304 ;; This function uses a non-reentrant model
  1305 ;;
  1306                           
  1307     0319                     _Irrigazione:	
  1308                           ;psect for function _Irrigazione
  1309                           
  1310     0319                     l1025:	
  1311                           ;incstack = 0
  1312                           ; Regs used in _Irrigazione: [wreg+status,2+status,0]
  1313                           
  1314                           
  1315                           ;main.c: 74: void Irrigazione(int power, int direzione, int velocita, int irrigazione);m
      +                          ain.c: 75: {;main.c: 77:     if(power == 1) RD4 = 1;
  1316     0319  1283               	bcf	3,5	;RP0=0, select bank0
  1317     031A  1303               	bcf	3,6	;RP1=0, select bank0
  1318     031B  032A               	decf	Irrigazione@power,w
  1319     031C  042B               	iorwf	Irrigazione@power+1,w
  1320     031D  1D03               	btfss	3,2
  1321     031E  2B20               	goto	u611
  1322     031F  2B21               	goto	u610
  1323     0320                     u611:
  1324     0320  2B22               	goto	l1029
  1325     0321                     u610:
  1326     0321                     l1027:
  1327     0321  1608               	bsf	8,4	;volatile
  1328     0322                     l1029:
  1329                           
  1330                           ;main.c: 78:     if(power == 0) RD4 = 0;
  1331     0322  082A               	movf	Irrigazione@power,w
  1332     0323  042B               	iorwf	Irrigazione@power+1,w
  1333     0324  1D03               	btfss	3,2
  1334     0325  2B27               	goto	u621
  1335     0326  2B28               	goto	u620
  1336     0327                     u621:
  1337     0327  2B29               	goto	l1033
  1338     0328                     u620:
  1339     0328                     l1031:
  1340     0328  1208               	bcf	8,4	;volatile
  1341     0329                     l1033:
  1342                           
  1343                           ;main.c: 81:     if(direzione == 1) RD2 = 1;
  1344     0329  032C               	decf	Irrigazione@direzione,w
  1345     032A  042D               	iorwf	Irrigazione@direzione+1,w
  1346     032B  1D03               	btfss	3,2
  1347     032C  2B2E               	goto	u631
  1348     032D  2B2F               	goto	u630
  1349     032E                     u631:
  1350     032E  2B30               	goto	l1037
  1351     032F                     u630:
  1352     032F                     l1035:
  1353     032F  1508               	bsf	8,2	;volatile
  1354     0330                     l1037:
  1355                           
  1356                           ;main.c: 82:     if(direzione == 0) RD2 = 0;
  1357     0330  082C               	movf	Irrigazione@direzione,w
  1358     0331  042D               	iorwf	Irrigazione@direzione+1,w
  1359     0332  1D03               	btfss	3,2
  1360     0333  2B35               	goto	u641
  1361     0334  2B36               	goto	u640
  1362     0335                     u641:
  1363     0335  2B37               	goto	l1041
  1364     0336                     u640:
  1365     0336                     l1039:
  1366     0336  1108               	bcf	8,2	;volatile
  1367     0337                     l1041:
  1368                           
  1369                           ;main.c: 85:     if(velocita == 0) RD3 = 0;
  1370     0337  082E               	movf	Irrigazione@velocita,w
  1371     0338  042F               	iorwf	Irrigazione@velocita+1,w
  1372     0339  1D03               	btfss	3,2
  1373     033A  2B3C               	goto	u651
  1374     033B  2B3D               	goto	u650
  1375     033C                     u651:
  1376     033C  2B3E               	goto	l1045
  1377     033D                     u650:
  1378     033D                     l1043:
  1379     033D  1188               	bcf	8,3	;volatile
  1380     033E                     l1045:
  1381                           
  1382                           ;main.c: 86:     if(velocita == 1) RD3 = 1;
  1383     033E  032E               	decf	Irrigazione@velocita,w
  1384     033F  042F               	iorwf	Irrigazione@velocita+1,w
  1385     0340  1D03               	btfss	3,2
  1386     0341  2B43               	goto	u661
  1387     0342  2B44               	goto	u660
  1388     0343                     u661:
  1389     0343  2B45               	goto	l1049
  1390     0344                     u660:
  1391     0344                     l1047:
  1392     0344  1588               	bsf	8,3	;volatile
  1393     0345                     l1049:
  1394                           
  1395                           ;main.c: 89:     if(irrigazione == 1 ) RD7 = 1;
  1396     0345  0330               	decf	Irrigazione@irrigazione,w
  1397     0346  0431               	iorwf	Irrigazione@irrigazione+1,w
  1398     0347  1D03               	btfss	3,2
  1399     0348  2B4A               	goto	u671
  1400     0349  2B4B               	goto	u670
  1401     034A                     u671:
  1402     034A  2B4C               	goto	l1053
  1403     034B                     u670:
  1404     034B                     l1051:
  1405     034B  1788               	bsf	8,7	;volatile
  1406     034C                     l1053:
  1407                           
  1408                           ;main.c: 90:     if(irrigazione == 0) RD7 = 0;
  1409     034C  0830               	movf	Irrigazione@irrigazione,w
  1410     034D  0431               	iorwf	Irrigazione@irrigazione+1,w
  1411     034E  1D03               	btfss	3,2
  1412     034F  2B51               	goto	u681
  1413     0350  2B52               	goto	u680
  1414     0351                     u681:
  1415     0351  2B53               	goto	l71
  1416     0352                     u680:
  1417     0352                     l1055:
  1418     0352  1388               	bcf	8,7	;volatile
  1419     0353                     l71:
  1420     0353  0008               	return
  1421     0354                     __end_of_Irrigazione:
  1422                           
  1423                           	psect	text3
  1424     0354                     __ptext3:	
  1425 ;; *************** function _ISR *****************
  1426 ;; Defined at:
  1427 ;;		line 285 in file "main.c"
  1428 ;; Parameters:    Size  Location     Type
  1429 ;;		None
  1430 ;; Auto vars:     Size  Location     Type
  1431 ;;		None
  1432 ;; Return value:  Size  Location     Type
  1433 ;;                  1    wreg      void 
  1434 ;; Registers used:
  1435 ;;		wreg, fsr0l, fsr0h, status,2, status,0, pclath, cstack
  1436 ;; Tracked objects:
  1437 ;;		On entry : 0/0
  1438 ;;		On exit  : 0/0
  1439 ;;		Unchanged: 0/0
  1440 ;; Data sizes:     COMMON   BANK0   BANK1   BANK3   BANK2
  1441 ;;      Params:         0       0       0       0       0
  1442 ;;      Locals:         0       0       0       0       0
  1443 ;;      Temps:          3       0       0       0       0
  1444 ;;      Totals:         3       0       0       0       0
  1445 ;;Total ram usage:        3 bytes
  1446 ;; Hardware stack levels used: 1
  1447 ;; Hardware stack levels required when called: 2
  1448 ;; This function calls:
  1449 ;;		_Stop
  1450 ;; This function is called by:
  1451 ;;		Interrupt level 1
  1452 ;; This function uses a non-reentrant model
  1453 ;;
  1454                           
  1455     0354                     _ISR:	
  1456                           ;psect for function _ISR
  1457                           
  1458     0354                     i1l1219:
  1459                           
  1460                           ;main.c: 287:     if (INTCONbits.INTE && INTCONbits.INTF)
  1461     0354  1E0B               	btfss	11,4	;volatile
  1462     0355  2B57               	goto	u91_21
  1463     0356  2B58               	goto	u91_20
  1464     0357                     u91_21:
  1465     0357  2B62               	goto	i1l133
  1466     0358                     u91_20:
  1467     0358                     i1l1221:
  1468     0358  1C8B               	btfss	11,1	;volatile
  1469     0359  2B5B               	goto	u92_21
  1470     035A  2B5C               	goto	u92_20
  1471     035B                     u92_21:
  1472     035B  2B62               	goto	i1l133
  1473     035C                     u92_20:
  1474     035C                     i1l1223:
  1475                           
  1476                           ;main.c: 288:     {;main.c: 289:         INTCONbits.INTF = 0;
  1477     035C  108B               	bcf	11,1	;volatile
  1478     035D                     i1l1225:
  1479                           
  1480                           ;main.c: 290:         Stop();
  1481     035D  120A  118A  21CF  120A  118A  	fcall	_Stop
  1482     0362                     i1l133:
  1483     0362  087D               	movf	??_ISR+2,w
  1484     0363  008A               	movwf	10
  1485     0364  087C               	movf	??_ISR+1,w
  1486     0365  0084               	movwf	4
  1487     0366  0E7B               	swapf	??_ISR,w
  1488     0367  0083               	movwf	3
  1489     0368  0EFE               	swapf	btemp,f
  1490     0369  0E7E               	swapf	btemp,w
  1491     036A  0009               	retfie
  1492     036B                     __end_of_ISR:
  1493                           
  1494                           	psect	intentry
  1495     0004                     __pintentry:	
  1496                           ;incstack = 0
  1497                           ; Regs used in _ISR: [wreg-fsr0h+status,2+status,0+pclath+cstack]
  1498                           
  1499     0004                     interrupt_function:
  1500     007E                     saved_w         set	btemp
  1501     0004  00FE               	movwf	btemp
  1502     0005  0E03               	swapf	3,w
  1503     0006  00FB               	movwf	??_ISR
  1504     0007  0804               	movf	4,w
  1505     0008  00FC               	movwf	??_ISR+1
  1506     0009  080A               	movf	10,w
  1507     000A  00FD               	movwf	??_ISR+2
  1508     000B  120A  118A  2B54   	ljmp	_ISR
  1509                           
  1510                           	psect	text4
  1511     01CF                     __ptext4:	
  1512 ;; *************** function _Stop *****************
  1513 ;; Defined at:
  1514 ;;		line 130 in file "main.c"
  1515 ;; Parameters:    Size  Location     Type
  1516 ;;		None
  1517 ;; Auto vars:     Size  Location     Type
  1518 ;;		None
  1519 ;; Return value:  Size  Location     Type
  1520 ;;                  1    wreg      void 
  1521 ;; Registers used:
  1522 ;;		wreg, fsr0l, fsr0h, status,2, status,0, pclath, cstack
  1523 ;; Tracked objects:
  1524 ;;		On entry : 0/0
  1525 ;;		On exit  : 0/0
  1526 ;;		Unchanged: 0/0
  1527 ;; Data sizes:     COMMON   BANK0   BANK1   BANK3   BANK2
  1528 ;;      Params:         0       0       0       0       0
  1529 ;;      Locals:         0       0       0       0       0
  1530 ;;      Temps:          3       0       0       0       0
  1531 ;;      Totals:         3       0       0       0       0
  1532 ;;Total ram usage:        3 bytes
  1533 ;; Hardware stack levels used: 1
  1534 ;; Hardware stack levels required when called: 1
  1535 ;; This function calls:
  1536 ;;		i1_Irrigazione
  1537 ;;		i1_Visualizza
  1538 ;; This function is called by:
  1539 ;;		_ISR
  1540 ;; This function uses a non-reentrant model
  1541 ;;
  1542                           
  1543     01CF                     _Stop:	
  1544                           ;psect for function _Stop
  1545                           
  1546     01CF                     i1l1083:	
  1547                           ;incstack = 0
  1548                           ; Regs used in _Stop: [wreg-fsr0h+status,2+status,0+pclath+cstack]
  1549                           
  1550                           
  1551                           ;main.c: 132:     Irrigazione(0, 0, 0, 0);
  1552     01CF  3000               	movlw	0
  1553     01D0  00F0               	movwf	i1Irrigazione@power
  1554     01D1  00F1               	movwf	i1Irrigazione@power+1
  1555     01D2  3000               	movlw	0
  1556     01D3  00F2               	movwf	i1Irrigazione@direzione
  1557     01D4  00F3               	movwf	i1Irrigazione@direzione+1
  1558     01D5  3000               	movlw	0
  1559     01D6  00F4               	movwf	i1Irrigazione@velocita
  1560     01D7  00F5               	movwf	i1Irrigazione@velocita+1
  1561     01D8  3000               	movlw	0
  1562     01D9  00F6               	movwf	i1Irrigazione@irrigazione
  1563     01DA  00F7               	movwf	i1Irrigazione@irrigazione+1
  1564     01DB  120A  118A  22D0  120A  118A  	fcall	i1_Irrigazione
  1565     01E0                     i1l1085:
  1566                           
  1567                           ;main.c: 133:     Visualizza(1);
  1568     01E0  3001               	movlw	1
  1569     01E1  00F0               	movwf	i1Visualizza@display
  1570     01E2  3000               	movlw	0
  1571     01E3  00F1               	movwf	i1Visualizza@display+1
  1572     01E4  120A  118A  2281  120A  118A  	fcall	i1_Visualizza
  1573     01E9                     i1l1087:
  1574                           
  1575                           ;main.c: 134:     stop=1;
  1576     01E9  3001               	movlw	1
  1577     01EA  1283               	bcf	3,5	;RP0=0, select bank0
  1578     01EB  1303               	bcf	3,6	;RP1=0, select bank0
  1579     01EC  00C7               	movwf	_stop
  1580     01ED  3000               	movlw	0
  1581     01EE  00C8               	movwf	_stop+1
  1582     01EF                     i1l1089:
  1583                           
  1584                           ;main.c: 135:     _delay((unsigned long)((5000)*(4000000/4000.0)));
  1585     01EF  301A               	movlw	26
  1586     01F0  00FA               	movwf	??_Stop+2
  1587     01F1  305E               	movlw	94
  1588     01F2  00F9               	movwf	??_Stop+1
  1589     01F3  306E               	movlw	110
  1590     01F4  00F8               	movwf	??_Stop
  1591     01F5                     u94_27:
  1592     01F5  0BF8               	decfsz	??_Stop,f
  1593     01F6  29F5               	goto	u94_27
  1594     01F7  0BF9               	decfsz	??_Stop+1,f
  1595     01F8  29F5               	goto	u94_27
  1596     01F9  0BFA               	decfsz	??_Stop+2,f
  1597     01FA  29F5               	goto	u94_27
  1598     01FB  0000               	nop
  1599     01FC                     i1l1091:
  1600                           
  1601                           ;main.c: 136:     if (RB0 == 0)
  1602     01FC  1283               	bcf	3,5	;RP0=0, select bank0
  1603     01FD  1303               	bcf	3,6	;RP1=0, select bank0
  1604     01FE  1806               	btfsc	6,0	;volatile
  1605     01FF  2A01               	goto	u75_21
  1606     0200  2A02               	goto	u75_20
  1607     0201                     u75_21:
  1608     0201  2A2D               	goto	i1l1101
  1609     0202                     u75_20:
  1610     0202  2A16               	goto	i1l1097
  1611     0203                     i1l1095:
  1612                           
  1613                           ;main.c: 139:         {;main.c: 140:             Irrigazione(1, 0, 1, 0);
  1614     0203  3001               	movlw	1
  1615     0204  00F0               	movwf	i1Irrigazione@power
  1616     0205  3000               	movlw	0
  1617     0206  00F1               	movwf	i1Irrigazione@power+1
  1618     0207  3000               	movlw	0
  1619     0208  00F2               	movwf	i1Irrigazione@direzione
  1620     0209  00F3               	movwf	i1Irrigazione@direzione+1
  1621     020A  3001               	movlw	1
  1622     020B  00F4               	movwf	i1Irrigazione@velocita
  1623     020C  3000               	movlw	0
  1624     020D  00F5               	movwf	i1Irrigazione@velocita+1
  1625     020E  3000               	movlw	0
  1626     020F  00F6               	movwf	i1Irrigazione@irrigazione
  1627     0210  00F7               	movwf	i1Irrigazione@irrigazione+1
  1628     0211  120A  118A  22D0  120A  118A  	fcall	i1_Irrigazione
  1629     0216                     i1l1097:
  1630                           
  1631                           ;main.c: 138:         while(RB3==1)
  1632     0216  1283               	bcf	3,5	;RP0=0, select bank0
  1633     0217  1303               	bcf	3,6	;RP1=0, select bank0
  1634     0218  1986               	btfsc	6,3	;volatile
  1635     0219  2A1B               	goto	u76_21
  1636     021A  2A1C               	goto	u76_20
  1637     021B                     u76_21:
  1638     021B  2A03               	goto	i1l1095
  1639     021C                     u76_20:
  1640     021C                     i1l1099:
  1641                           
  1642                           ;main.c: 142:         Irrigazione(0, 0, 0, 0);
  1643     021C  3000               	movlw	0
  1644     021D  00F0               	movwf	i1Irrigazione@power
  1645     021E  00F1               	movwf	i1Irrigazione@power+1
  1646     021F  3000               	movlw	0
  1647     0220  00F2               	movwf	i1Irrigazione@direzione
  1648     0221  00F3               	movwf	i1Irrigazione@direzione+1
  1649     0222  3000               	movlw	0
  1650     0223  00F4               	movwf	i1Irrigazione@velocita
  1651     0224  00F5               	movwf	i1Irrigazione@velocita+1
  1652     0225  3000               	movlw	0
  1653     0226  00F6               	movwf	i1Irrigazione@irrigazione
  1654     0227  00F7               	movwf	i1Irrigazione@irrigazione+1
  1655     0228  120A  118A  22D0  120A  118A  	fcall	i1_Irrigazione
  1656     022D                     i1l1101:
  1657                           
  1658                           ;main.c: 143:         stato = 0;
  1659     022D  1283               	bcf	3,5	;RP0=0, select bank0
  1660     022E  1303               	bcf	3,6	;RP1=0, select bank0
  1661     022F  01C9               	clrf	_stato
  1662     0230  01CA               	clrf	_stato+1
  1663     0231                     i1l89:	
  1664                           ;main.c: 144:     }
  1665                           
  1666     0231  0008               	return
  1667     0232                     __end_of_Stop:
  1668                           
  1669                           	psect	text5
  1670     0281                     __ptext5:	
  1671 ;; *************** function i1_Visualizza *****************
  1672 ;; Defined at:
  1673 ;;		line 93 in file "main.c"
  1674 ;; Parameters:    Size  Location     Type
  1675 ;;  display         2    0[COMMON] int 
  1676 ;; Auto vars:     Size  Location     Type
  1677 ;;  lettera        10    0[BANK0 ] unsigned int [5]
  1678 ;; Return value:  Size  Location     Type
  1679 ;;                  1    wreg      void 
  1680 ;; Registers used:
  1681 ;;		wreg, fsr0l, fsr0h, status,2, status,0
  1682 ;; Tracked objects:
  1683 ;;		On entry : 0/0
  1684 ;;		On exit  : 0/0
  1685 ;;		Unchanged: 0/0
  1686 ;; Data sizes:     COMMON   BANK0   BANK1   BANK3   BANK2
  1687 ;;      Params:         2       0       0       0       0
  1688 ;;      Locals:         0      10       0       0       0
  1689 ;;      Temps:          4       0       0       0       0
  1690 ;;      Totals:         6      10       0       0       0
  1691 ;;Total ram usage:       16 bytes
  1692 ;; Hardware stack levels used: 1
  1693 ;; This function calls:
  1694 ;;		Nothing
  1695 ;; This function is called by:
  1696 ;;		_Stop
  1697 ;; This function uses a non-reentrant model
  1698 ;;
  1699                           
  1700     0281                     i1_Visualizza:	
  1701                           ;psect for function i1_Visualizza
  1702                           
  1703     0281                     i1l999:	
  1704                           ;incstack = 0
  1705                           ; Regs used in i1_Visualizza: [wreg-fsr0h+status,2+status,0]
  1706                           
  1707                           
  1708                           ;main.c: 93: void Visualizza (int display);main.c: 94: {;main.c: 95:     PORTC =0b111111
      +                          11;
  1709     0281  30FF               	movlw	255
  1710     0282  1283               	bcf	3,5	;RP0=0, select bank0
  1711     0283  1303               	bcf	3,6	;RP1=0, select bank0
  1712     0284  0087               	movwf	7	;volatile
  1713     0285                     i1l1001:
  1714                           
  1715                           ;main.c: 96:     unsigned int lettera[5] = {0b00111111, 0b01110001, 0b01111001, 0b010101
      +                          00, 0b01011000};
  1716     0285  303D               	movlw	Visualizza@F1429& (0+255)
  1717     0286  0084               	movwf	4
  1718     0287  3020               	movlw	low i1Visualizza@lettera
  1719     0288  00F2               	movwf	??i1_Visualizza
  1720     0289  300A               	movlw	10
  1721     028A  00F3               	movwf	??i1_Visualizza+1
  1722     028B                     u55_20:
  1723     028B  1383               	bcf	3,7	;select IRP bank0
  1724     028C  0800               	movf	0,w
  1725     028D  00F4               	movwf	??i1_Visualizza+2
  1726     028E  0A04               	incf	4,w
  1727     028F  00F5               	movwf	??i1_Visualizza+3
  1728     0290  0872               	movf	??i1_Visualizza,w
  1729     0291  0084               	movwf	4
  1730     0292  0874               	movf	??i1_Visualizza+2,w
  1731     0293  0080               	movwf	0
  1732     0294  0A04               	incf	4,w
  1733     0295  00F2               	movwf	??i1_Visualizza
  1734     0296  0875               	movf	??i1_Visualizza+3,w
  1735     0297  0084               	movwf	4
  1736     0298  0BF3               	decfsz	??i1_Visualizza+1,f
  1737     0299  2A8B               	goto	u55_20
  1738     029A                     i1l1003:
  1739                           
  1740                           ;main.c: 98:     if(display == 1 )
  1741     029A  0370               	decf	i1Visualizza@display,w
  1742     029B  0471               	iorwf	i1Visualizza@display+1,w
  1743     029C  1D03               	btfss	3,2
  1744     029D  2A9F               	goto	u56_21
  1745     029E  2AA0               	goto	u56_20
  1746     029F                     u56_21:
  1747     029F  2AA4               	goto	i1l1007
  1748     02A0                     u56_20:
  1749     02A0                     i1l1005:
  1750                           
  1751                           ;main.c: 99:     {;main.c: 100:         PORTC = lettera[0];
  1752     02A0  0820               	movf	i1Visualizza@lettera,w
  1753     02A1  0087               	movwf	7	;volatile
  1754                           
  1755                           ;main.c: 101:         PORTA = lettera[1];
  1756     02A2  0822               	movf	i1Visualizza@lettera+2,w
  1757     02A3  0085               	movwf	5	;volatile
  1758     02A4                     i1l1007:
  1759                           
  1760                           ;main.c: 104:     if(display == 0 )
  1761     02A4  0870               	movf	i1Visualizza@display,w
  1762     02A5  0471               	iorwf	i1Visualizza@display+1,w
  1763     02A6  1D03               	btfss	3,2
  1764     02A7  2AA9               	goto	u57_21
  1765     02A8  2AAA               	goto	u57_20
  1766     02A9                     u57_21:
  1767     02A9  2AAE               	goto	i1l1011
  1768     02AA                     u57_20:
  1769     02AA                     i1l1009:
  1770                           
  1771                           ;main.c: 105:     {;main.c: 106:         PORTC = lettera[0];
  1772     02AA  0820               	movf	i1Visualizza@lettera,w
  1773     02AB  0087               	movwf	7	;volatile
  1774                           
  1775                           ;main.c: 107:         PORTA = lettera[3];
  1776     02AC  0826               	movf	i1Visualizza@lettera+6,w
  1777     02AD  0085               	movwf	5	;volatile
  1778     02AE                     i1l1011:
  1779                           
  1780                           ;main.c: 110:     if(display == 2 )
  1781     02AE  3002               	movlw	2
  1782     02AF  0670               	xorwf	i1Visualizza@display,w
  1783     02B0  0471               	iorwf	i1Visualizza@display+1,w
  1784     02B1  1D03               	btfss	3,2
  1785     02B2  2AB4               	goto	u58_21
  1786     02B3  2AB5               	goto	u58_20
  1787     02B4                     u58_21:
  1788     02B4  2AB9               	goto	i1l1015
  1789     02B5                     u58_20:
  1790     02B5                     i1l1013:
  1791                           
  1792                           ;main.c: 111:     {;main.c: 112:         PORTC =lettera[1];
  1793     02B5  0822               	movf	i1Visualizza@lettera+2,w
  1794     02B6  0087               	movwf	7	;volatile
  1795                           
  1796                           ;main.c: 113:         PORTA =lettera[4];
  1797     02B7  0828               	movf	i1Visualizza@lettera+8,w
  1798     02B8  0085               	movwf	5	;volatile
  1799     02B9                     i1l1015:
  1800                           
  1801                           ;main.c: 116:     if(display == 3 )
  1802     02B9  3003               	movlw	3
  1803     02BA  0670               	xorwf	i1Visualizza@display,w
  1804     02BB  0471               	iorwf	i1Visualizza@display+1,w
  1805     02BC  1D03               	btfss	3,2
  1806     02BD  2ABF               	goto	u59_21
  1807     02BE  2AC0               	goto	u59_20
  1808     02BF                     u59_21:
  1809     02BF  2AC4               	goto	i1l1019
  1810     02C0                     u59_20:
  1811     02C0                     i1l1017:
  1812                           
  1813                           ;main.c: 117:     {;main.c: 118:         PORTC = lettera[2];
  1814     02C0  0824               	movf	i1Visualizza@lettera+4,w
  1815     02C1  0087               	movwf	7	;volatile
  1816                           
  1817                           ;main.c: 119:         PORTA = lettera[3];
  1818     02C2  0826               	movf	i1Visualizza@lettera+6,w
  1819     02C3  0085               	movwf	5	;volatile
  1820     02C4                     i1l1019:
  1821                           
  1822                           ;main.c: 122:     if(display == 4 )
  1823     02C4  3004               	movlw	4
  1824     02C5  0670               	xorwf	i1Visualizza@display,w
  1825     02C6  0471               	iorwf	i1Visualizza@display+1,w
  1826     02C7  1D03               	btfss	3,2
  1827     02C8  2ACA               	goto	u60_21
  1828     02C9  2ACB               	goto	u60_20
  1829     02CA                     u60_21:
  1830     02CA  2ACF               	goto	i1l81
  1831     02CB                     u60_20:
  1832     02CB                     i1l1021:
  1833                           
  1834                           ;main.c: 123:     {;main.c: 124:         PORTC = 0b00111111;
  1835     02CB  303F               	movlw	63
  1836     02CC  0087               	movwf	7	;volatile
  1837     02CD                     i1l1023:
  1838                           
  1839                           ;main.c: 125:         PORTA = lettera[0];
  1840     02CD  0820               	movf	i1Visualizza@lettera,w
  1841     02CE  0085               	movwf	5	;volatile
  1842     02CF                     i1l81:
  1843     02CF  0008               	return
  1844     02D0                     __end_ofi1_Visualizza:
  1845                           
  1846                           	psect	text6
  1847     02D0                     __ptext6:	
  1848 ;; *************** function i1_Irrigazione *****************
  1849 ;; Defined at:
  1850 ;;		line 74 in file "main.c"
  1851 ;; Parameters:    Size  Location     Type
  1852 ;;  power           2    0[COMMON] int 
  1853 ;;  direzione       2    2[COMMON] int 
  1854 ;;  velocita        2    4[COMMON] int 
  1855 ;;  irrigazione     2    6[COMMON] int 
  1856 ;; Auto vars:     Size  Location     Type
  1857 ;;		None
  1858 ;; Return value:  Size  Location     Type
  1859 ;;                  1    wreg      void 
  1860 ;; Registers used:
  1861 ;;		wreg, status,2, status,0
  1862 ;; Tracked objects:
  1863 ;;		On entry : 0/0
  1864 ;;		On exit  : 0/0
  1865 ;;		Unchanged: 0/0
  1866 ;; Data sizes:     COMMON   BANK0   BANK1   BANK3   BANK2
  1867 ;;      Params:         8       0       0       0       0
  1868 ;;      Locals:         0       0       0       0       0
  1869 ;;      Temps:          0       0       0       0       0
  1870 ;;      Totals:         8       0       0       0       0
  1871 ;;Total ram usage:        8 bytes
  1872 ;; Hardware stack levels used: 1
  1873 ;; This function calls:
  1874 ;;		Nothing
  1875 ;; This function is called by:
  1876 ;;		_Stop
  1877 ;; This function uses a non-reentrant model
  1878 ;;
  1879                           
  1880     02D0                     i1_Irrigazione:	
  1881                           ;psect for function i1_Irrigazione
  1882                           
  1883     02D0                     i1l967:	
  1884                           ;incstack = 0
  1885                           ; Regs used in i1_Irrigazione: [wreg+status,2+status,0]
  1886                           
  1887                           
  1888                           ;main.c: 74: void Irrigazione(int power, int direzione, int velocita, int irrigazione);m
      +                          ain.c: 75: {;main.c: 77:     if(power == 1) RD4 = 1;
  1889     02D0  0370               	decf	i1Irrigazione@power,w
  1890     02D1  0471               	iorwf	i1Irrigazione@power+1,w
  1891     02D2  1D03               	btfss	3,2
  1892     02D3  2AD5               	goto	u47_21
  1893     02D4  2AD6               	goto	u47_20
  1894     02D5                     u47_21:
  1895     02D5  2AD9               	goto	i1l971
  1896     02D6                     u47_20:
  1897     02D6                     i1l969:
  1898     02D6  1283               	bcf	3,5	;RP0=0, select bank0
  1899     02D7  1303               	bcf	3,6	;RP1=0, select bank0
  1900     02D8  1608               	bsf	8,4	;volatile
  1901     02D9                     i1l971:
  1902                           
  1903                           ;main.c: 78:     if(power == 0) RD4 = 0;
  1904     02D9  0870               	movf	i1Irrigazione@power,w
  1905     02DA  0471               	iorwf	i1Irrigazione@power+1,w
  1906     02DB  1D03               	btfss	3,2
  1907     02DC  2ADE               	goto	u48_21
  1908     02DD  2ADF               	goto	u48_20
  1909     02DE                     u48_21:
  1910     02DE  2AE2               	goto	i1l975
  1911     02DF                     u48_20:
  1912     02DF                     i1l973:
  1913     02DF  1283               	bcf	3,5	;RP0=0, select bank0
  1914     02E0  1303               	bcf	3,6	;RP1=0, select bank0
  1915     02E1  1208               	bcf	8,4	;volatile
  1916     02E2                     i1l975:
  1917                           
  1918                           ;main.c: 81:     if(direzione == 1) RD2 = 1;
  1919     02E2  0372               	decf	i1Irrigazione@direzione,w
  1920     02E3  0473               	iorwf	i1Irrigazione@direzione+1,w
  1921     02E4  1D03               	btfss	3,2
  1922     02E5  2AE7               	goto	u49_21
  1923     02E6  2AE8               	goto	u49_20
  1924     02E7                     u49_21:
  1925     02E7  2AEB               	goto	i1l979
  1926     02E8                     u49_20:
  1927     02E8                     i1l977:
  1928     02E8  1283               	bcf	3,5	;RP0=0, select bank0
  1929     02E9  1303               	bcf	3,6	;RP1=0, select bank0
  1930     02EA  1508               	bsf	8,2	;volatile
  1931     02EB                     i1l979:
  1932                           
  1933                           ;main.c: 82:     if(direzione == 0) RD2 = 0;
  1934     02EB  0872               	movf	i1Irrigazione@direzione,w
  1935     02EC  0473               	iorwf	i1Irrigazione@direzione+1,w
  1936     02ED  1D03               	btfss	3,2
  1937     02EE  2AF0               	goto	u50_21
  1938     02EF  2AF1               	goto	u50_20
  1939     02F0                     u50_21:
  1940     02F0  2AF4               	goto	i1l983
  1941     02F1                     u50_20:
  1942     02F1                     i1l981:
  1943     02F1  1283               	bcf	3,5	;RP0=0, select bank0
  1944     02F2  1303               	bcf	3,6	;RP1=0, select bank0
  1945     02F3  1108               	bcf	8,2	;volatile
  1946     02F4                     i1l983:
  1947                           
  1948                           ;main.c: 85:     if(velocita == 0) RD3 = 0;
  1949     02F4  0874               	movf	i1Irrigazione@velocita,w
  1950     02F5  0475               	iorwf	i1Irrigazione@velocita+1,w
  1951     02F6  1D03               	btfss	3,2
  1952     02F7  2AF9               	goto	u51_21
  1953     02F8  2AFA               	goto	u51_20
  1954     02F9                     u51_21:
  1955     02F9  2AFD               	goto	i1l987
  1956     02FA                     u51_20:
  1957     02FA                     i1l985:
  1958     02FA  1283               	bcf	3,5	;RP0=0, select bank0
  1959     02FB  1303               	bcf	3,6	;RP1=0, select bank0
  1960     02FC  1188               	bcf	8,3	;volatile
  1961     02FD                     i1l987:
  1962                           
  1963                           ;main.c: 86:     if(velocita == 1) RD3 = 1;
  1964     02FD  0374               	decf	i1Irrigazione@velocita,w
  1965     02FE  0475               	iorwf	i1Irrigazione@velocita+1,w
  1966     02FF  1D03               	btfss	3,2
  1967     0300  2B02               	goto	u52_21
  1968     0301  2B03               	goto	u52_20
  1969     0302                     u52_21:
  1970     0302  2B06               	goto	i1l991
  1971     0303                     u52_20:
  1972     0303                     i1l989:
  1973     0303  1283               	bcf	3,5	;RP0=0, select bank0
  1974     0304  1303               	bcf	3,6	;RP1=0, select bank0
  1975     0305  1588               	bsf	8,3	;volatile
  1976     0306                     i1l991:
  1977                           
  1978                           ;main.c: 89:     if(irrigazione == 1 ) RD7 = 1;
  1979     0306  0376               	decf	i1Irrigazione@irrigazione,w
  1980     0307  0477               	iorwf	i1Irrigazione@irrigazione+1,w
  1981     0308  1D03               	btfss	3,2
  1982     0309  2B0B               	goto	u53_21
  1983     030A  2B0C               	goto	u53_20
  1984     030B                     u53_21:
  1985     030B  2B0F               	goto	i1l995
  1986     030C                     u53_20:
  1987     030C                     i1l993:
  1988     030C  1283               	bcf	3,5	;RP0=0, select bank0
  1989     030D  1303               	bcf	3,6	;RP1=0, select bank0
  1990     030E  1788               	bsf	8,7	;volatile
  1991     030F                     i1l995:
  1992                           
  1993                           ;main.c: 90:     if(irrigazione == 0) RD7 = 0;
  1994     030F  0876               	movf	i1Irrigazione@irrigazione,w
  1995     0310  0477               	iorwf	i1Irrigazione@irrigazione+1,w
  1996     0311  1D03               	btfss	3,2
  1997     0312  2B14               	goto	u54_21
  1998     0313  2B15               	goto	u54_20
  1999     0314                     u54_21:
  2000     0314  2B18               	goto	i1l71
  2001     0315                     u54_20:
  2002     0315                     i1l997:
  2003     0315  1283               	bcf	3,5	;RP0=0, select bank0
  2004     0316  1303               	bcf	3,6	;RP1=0, select bank0
  2005     0317  1388               	bcf	8,7	;volatile
  2006     0318                     i1l71:
  2007     0318  0008               	return
  2008     0319                     __end_ofi1_Irrigazione:
  2009     0002                     ___latbits      equ	2
  2010     007E                     btemp           set	126	;btemp
  2011     007E                     wtemp0          set	126
  2012                           
  2013                           	psect	config
  2014                           
  2015                           ;Config register CONFIG1 @ 0x2007
  2016                           ;	Oscillator Selection bits
  2017                           ;	FOSC = INTRC_NOCLKOUT, INTOSCIO oscillator: I/O function on RA6/OSC2/CLKOUT pin, I/O f
      +                          unction on RA7/OSC1/CLKIN
  2018                           ;	Watchdog Timer Enable bit
  2019                           ;	WDTE = OFF, WDT disabled and can be enabled by SWDTEN bit of the WDTCON register
  2020                           ;	Power-up Timer Enable bit
  2021                           ;	PWRTE = OFF, PWRT disabled
  2022                           ;	RE3/MCLR pin function select bit
  2023                           ;	MCLRE = OFF, RE3/MCLR pin function is digital input, MCLR internally tied to VDD
  2024                           ;	Code Protection bit
  2025                           ;	CP = OFF, Program memory code protection is disabled
  2026                           ;	Data Code Protection bit
  2027                           ;	CPD = OFF, Data memory code protection is disabled
  2028                           ;	Brown Out Reset Selection bits
  2029                           ;	BOREN = OFF, BOR disabled
  2030                           ;	Internal External Switchover bit
  2031                           ;	IESO = OFF, Internal/External Switchover mode is disabled
  2032                           ;	Fail-Safe Clock Monitor Enabled bit
  2033                           ;	FCMEN = OFF, Fail-Safe Clock Monitor is disabled
  2034                           ;	Low Voltage Programming Enable bit
  2035                           ;	LVP = OFF, RB3 pin has digital I/O, HV on MCLR must be used for programming
  2036                           ;	In-Circuit Debugger Mode bit
  2037                           ;	DEBUG = 0x1, unprogrammed default
  2038     2007                     	org	8199
  2039     2007  20D4               	dw	8404
  2040                           
  2041                           ;Config register CONFIG2 @ 0x2008
  2042                           ;	Brown-out Reset Selection bit
  2043                           ;	BOR4V = BOR40V, Brown-out Reset set to 4.0V
  2044                           ;	Flash Program Memory Self Write Enable bits
  2045                           ;	WRT = OFF, Write protection off
  2046     2008                     	org	8200
  2047     2008  3FFF               	dw	16383

Data Sizes:
    Strings     0
    Constant    0
    Data        10
    BSS         4
    Persistent  0
    Stack       0

Auto Spaces:
    Space          Size  Autos    Used
    COMMON           14     14      14
    BANK0            80     29      43
    BANK1            80      0       0
    BANK3            96      0       0
    BANK2            96      0       0

Pointer List with Targets:

    None.

Critical Paths under _main in COMMON

    None.

Critical Paths under _ISR in COMMON

    _ISR->_Stop
    _Stop->i1_Irrigazione

Critical Paths under _main in BANK0

    _main->_Visualizza

Critical Paths under _ISR in BANK0

    _Stop->i1_Visualizza

Critical Paths under _main in BANK1

    None.

Critical Paths under _ISR in BANK1

    None.

Critical Paths under _main in BANK3

    None.

Critical Paths under _ISR in BANK3

    None.

Critical Paths under _main in BANK2

    None.

Critical Paths under _ISR in BANK2

    None.

Call Graph Tables:

 ---------------------------------------------------------------------------------
 (Depth) Function   	        Calls       Base Space   Used Autos Params    Refs
 ---------------------------------------------------------------------------------
 (0) _main                                                 3     3      0     528
                                             26 BANK0      3     3      0
                        _Irrigazione
                         _Visualizza
 ---------------------------------------------------------------------------------
 (1) _Visualizza                                          16    14      2     320
                                             10 BANK0     16    14      2
 ---------------------------------------------------------------------------------
 (1) _Irrigazione                                          8     0      8     208
                                             10 BANK0      8     0      8
 ---------------------------------------------------------------------------------
 Estimated maximum stack depth 1
 ---------------------------------------------------------------------------------
 (Depth) Function   	        Calls       Base Space   Used Autos Params    Refs
 ---------------------------------------------------------------------------------
 (2) _ISR                                                  3     3      0     504
                                             11 COMMON     3     3      0
                               _Stop
 ---------------------------------------------------------------------------------
 (3) _Stop                                                 3     3      0     504
                                              8 COMMON     3     3      0
                      i1_Irrigazione
                       i1_Visualizza
 ---------------------------------------------------------------------------------
 (4) i1_Visualizza                                        16    14      2     316
                                              0 COMMON     6     4      2
                                              0 BANK0     10    10      0
 ---------------------------------------------------------------------------------
 (4) i1_Irrigazione                                        8     0      8     188
                                              0 COMMON     8     0      8
 ---------------------------------------------------------------------------------
 Estimated maximum stack depth 4
 ---------------------------------------------------------------------------------

 Call Graph Graphs:

 _main (ROOT)
   _Irrigazione
   _Visualizza

 _ISR (ROOT)
   _Stop
     i1_Irrigazione
     i1_Visualizza

Address spaces:
Name               Size   Autos  Total    Usage
BANK3               96      0       0      0.0%
BITBANK3            96      0       0      0.0%
BANK2               96      0       0      0.0%
BITBANK2            96      0       0      0.0%
BANK1               80      0       0      0.0%
BITBANK1            80      0       0      0.0%
BANK0               80     29      43     53.8%
BITBANK0            80      0       0      0.0%
COMMON              14     14      14    100.0%
BITCOMMON           14      0       0      0.0%
DATA                 0      0      57      0.0%
STACK                0      0       0      0.0%


Microchip Technology PIC Macro Assembler V3.00 build 20241204225717 
Symbol Table                                                                                   Sun May 11 23:24:09 2025

                       pc 0002                        l71 0353                        l81 0280  
                      l98 009C                        fsr 0004                       l101 01CB  
                     l102 00C6                       l111 0116                       l103 00E4  
                     l120 0176                       l112 0134                       l106 00ED  
                     l123 0196                       l115 0152                       l117 016E  
                     l109 010D                       _RB0 0030                       _RB1 0031  
                     _RB2 0032                       _RB3 0033                       _RB4 0034  
                     _RB5 0035                       _RD2 0042                       _RB6 0036  
                     _RD3 0043                       _RD4 0044                       _RD5 0045  
                     _RD6 0046                       _RD7 0047                       u610 0321  
                     u611 0320                       u620 0328                       u700 0251  
                     _ISR 0354                       u621 0327                       u701 0250  
                     u630 032F                       u710 025B                       u631 032E  
                     u711 025A                       u640 0336                       u720 0266  
                     u800 00AD                       u641 0335                       u721 0265  
                     u801 00AC                       u650 033D                       u730 0271  
                     u810 00C1                       u651 033C                       u731 0270  
                     u811 00C0                       u660 0344                       u740 027C  
                     u900 0191                       u820 00CA                       u661 0343  
                     u741 027B                       u901 0190                       u821 00C9  
                     u670 034B                       u830 00E8                       u671 034A  
                     u831 00E7                       u680 0352                       u840 00F1  
                     u681 0351                       u841 00F0                       u690 023C  
                     u850 0111                       u770 0068                       u851 0110  
                     u771 0067                       u860 011A                       u780 006C  
                     u861 0119                       u781 006B                       u870 0138  
                     u790 0093                       u871 0137                       u791 0092  
                     u880 0156                       u937 0184                       u881 0155  
                     u890 0172                       u891 0171              i1_Visualizza 0281  
                     fsr0 0004                       indf 0000                      ?_ISR 0070  
                    l1031 0328                      l1111 002F                      l1041 0337  
                    l1033 0329                      l1025 0319                      l1201 018D  
                    l1121 0037                      l1113 0030                      l1105 0027  
                    l1051 034B                      l1043 033D                      l1035 032F  
                    l1027 0321                      l1203 0191                      l1211 019D  
                    l1131 0042                      l1123 0038                      l1115 0031  
                    l1107 002B                      l1053 034C                      l1045 033E  
                    l1037 0330                      l1029 0322                      l1061 024B  
                    l1205 0198                      l1141 006C                      l1133 004D  
                    l1125 003A                      l1117 0034                      l1109 002E  
                    l1055 0352                      l1047 0344                      l1039 0336  
                    l1071 0266                      l1063 0251                      l1151 00A7  
                    l1143 0075                      l1135 0060                      l1127 003D  
                    l1119 0036                      l1049 0345                      l1081 027E  
                    l1073 026A                      l1065 0255                      l1057 0232  
                    l1161 00C1                      l1153 00AD                      l1145 0088  
                    l1137 0064                      l1129 003E                      l1075 0271  
                    l1067 025B                      l1059 0236                      l1171 00F2  
                    l1163 00CA                      l1155 00AF                      l1147 008D  
                    l1139 0068                      l1077 0275                      l1069 025F  
                    l1181 0138                      l1173 0106                      l1165 00DD  
                    l1157 00B7                      l1149 0093                      l1079 027C  
                    l1183 014B                      l1175 0111                      l1167 00E8  
                    l1159 00BD                      l1257 01A2                      l1193 0173  
                    l1185 0156                      l1177 011A                      l1195 0177  
                    l1187 0167                      l1179 012D                      l1197 017C  
                    l1199 018A                      i1l71 0318                      i1l81 02CF  
                    i1l89 0231          Irrigazione@power 002A                      _Stop 01CF  
                    _main 0027                      btemp 007E                      _stop 0047  
                    start 000E           ??i1_Irrigazione 0078                     ??_ISR 007B  
                   ?_Stop 0070                     ?_main 0070                     _ANSEL 0188  
                   i1l133 0362                     i1l971 02D9                     i1l981 02F1  
                   i1l973 02DF                     i1l991 0306                     i1l983 02F4  
                   i1l975 02E2                     i1l967 02D0                     i1l993 030C  
                   i1l985 02FA                     i1l977 02E8                     i1l969 02D6  
                   i1l995 030F                     i1l987 02FD                     i1l979 02EB  
                   i1l997 0315                     i1l989 0303                     i1l999 0281  
                   u50_20 02F1                     u50_21 02F0                     u51_20 02FA  
                   u51_21 02F9                     _PORTA 0005                     _PORTB 0006  
                   _PORTC 0007                     _PORTD 0008                     u52_20 0303  
                   u60_20 02CB                     u52_21 0302                     u60_21 02CA  
                   u53_20 030C                     u53_21 030B                     u54_20 0315  
                   u54_21 0314                     u47_20 02D6                     u55_20 028B  
                   u47_21 02D5                     u48_20 02DF                     u56_20 02A0  
                   u48_21 02DE                     u56_21 029F                     u49_20 02E8  
                   u57_20 02AA                     u49_21 02E7                     u57_21 02A9  
                   _TRISA 0085                     _TRISB 0086                     _TRISC 0087  
                   _TRISD 0088                     u58_20 02B5                     u58_21 02B4  
                   u59_20 02C0                     u75_20 0202                     u91_20 0358  
                   u59_21 02BF                     u75_21 0201                     u91_21 0357  
                   u76_20 021C                     u92_20 035C                     u76_21 021B  
                   u92_21 035B                     u94_27 01F5                     _stato 0049  
                   pclath 000A                     status 0003                     wtemp0 007E  
         __initialization 0011              __end_of_Stop 0232              __end_of_main 01CF  
           ??_Irrigazione 0032                    ??_Stop 0078                    ??_main 003A  
                  _ANSELH 0189                    i1l1001 0285                    i1l1011 02AE  
                  i1l1003 029A                    i1l1021 02CB                    i1l1013 02B5  
                  i1l1005 02A0                    i1l1101 022D                    i1l1023 02CD  
                  i1l1015 02B9                    i1l1007 02A4                    i1l1017 02C0  
                  i1l1009 02AA                    i1l1019 02C4                    i1l1221 0358  
                  i1l1223 035C                    i1l1225 035D                    i1l1091 01FC  
                  i1l1083 01CF                    i1l1219 0354                    i1l1085 01E0  
                  i1l1095 0203                    i1l1087 01E9                    i1l1097 0216  
                  i1l1089 01EF                    i1l1099 021C                    _INTCON 000B  
                  _OSCCON 008F       __end_of_Irrigazione 0354        i1Irrigazione@power 0070  
                  saved_w 007E   __end_of__initialization 0023                _Visualizza 0232  
          __pcstackCOMMON 0070              __pidataBANK0 037E       i1Visualizza@display 0070  
              __pbssBANK0 0047       i1Visualizza@lettera 0020                __pmaintext 0027  
             _Irrigazione 0319                __pintentry 0004       Irrigazione@velocita 002E  
             ?_Visualizza 002A     __end_ofi1_Irrigazione 0319                   __ptext1 0232  
                 __ptext2 0319                   __ptext3 0354                   __ptext4 01CF  
                 __ptext5 0281                   __ptext6 02D0      end_of_initialization 0023  
         Visualizza@F1429 003D             ?i1_Visualizza 0070       start_initialization 0011  
             __end_of_ISR 036B  i1Irrigazione@irrigazione 0076                init_fetch0 036B  
            ?_Irrigazione 002A               __pdataBANK0 003D    i1Irrigazione@direzione 0072  
          ??i1_Visualizza 0072                 ___latbits 0002             __pcstackBANK0 0020  
            ??_Visualizza 002C      Irrigazione@direzione 002C        __end_of_Visualizza 0281  
       interrupt_function 0004      __end_ofi1_Visualizza 02D0     i1Irrigazione@velocita 0074  
           i1_Irrigazione 02D0    Irrigazione@irrigazione 0030                _INTCONbits 000B  
                init_ram0 036F                  intlevel1 0000         Visualizza@display 002A  
          ?i1_Irrigazione 0070         Visualizza@lettera 0030                _OPTION_REG 0081  
